時間,開盤價,最高價,最低價,收盤價,SMA5,SMA10,SMA20,SMA200,SMA240,UB2.00,BBandMA20,LB2.00,成交量,MA5,MA10,買賣超(張),投信持股(張),買進(張),賣出(張),投信持股比例,買賣超(張),外資持股(張),買進(張),賣出(張),外資持股比例,買賣超(張),自營商持股(張),買進(張),賣出(張),自營商持股比例,融資(張),差額(張),買進(張),賣出(張),現償(張),使用率,投信買進均價,投信賣出均價,佔比(%),投信未平倉買口,投信未平倉賣口,投信未平倉淨口,投信成本線,累計買賣超,比例%,近 5 期，投信買超佔成交量比重,BBand width,Band%EMA3
2023/3/21,200,207,185.5,202,N/A,N/A,N/A,N/A,N/A,N/A,N/A,N/A,3979,N/A,N/A,N/A,N/A,N/A,N/A,N/A,N/A,N/A,N/A,N/A,N/A,N/A,N/A,N/A,N/A,N/A,N/A,N/A,N/A,N/A,N/A,N/A,N/A,N/A,N/A,N/A,N/A,N/A,N/A,N/A,N/A,N/A,N/A,N/A
2023/3/22,201,201.5,190,196,N/A,N/A,N/A,N/A,N/A,N/A,N/A,N/A,2450,N/A,N/A,N/A,N/A,N/A,N/A,N/A,N/A,N/A,N/A,N/A,N/A,N/A,N/A,N/A,N/A,N/A,N/A,N/A,N/A,N/A,N/A,N/A,N/A,N/A,N/A,N/A,N/A,N/A,N/A,N/A,N/A,N/A,N/A,N/A
2023/3/23,192,215,188.5,213,N/A,N/A,N/A,N/A,N/A,N/A,N/A,N/A,3082,N/A,N/A,N/A,N/A,N/A,N/A,N/A,N/A,N/A,N/A,N/A,N/A,N/A,N/A,N/A,N/A,N/A,N/A,N/A,N/A,N/A,N/A,N/A,N/A,N/A,N/A,N/A,N/A,N/A,N/A,N/A,N/A,N/A,N/A,0.00%
2023/3/24,206,211.5,196.5,200,N/A,N/A,N/A,N/A,N/A,N/A,N/A,N/A,2018,N/A,N/A,N/A,N/A,N/A,N/A,N/A,N/A,N/A,N/A,N/A,N/A,N/A,N/A,N/A,N/A,N/A,N/A,N/A,N/A,N/A,N/A,N/A,N/A,N/A,N/A,N/A,N/A,N/A,N/A,N/A,N/A,N/A,N/A,0.00%
2023/3/27,198.5,203.5,192,201.5,202.5,N/A,N/A,N/A,N/A,N/A,N/A,N/A,1021,2510,N/A,N/A,N/A,N/A,N/A,N/A,N/A,N/A,N/A,N/A,N/A,N/A,N/A,N/A,N/A,N/A,N/A,N/A,N/A,N/A,N/A,N/A,N/A,N/A,N/A,N/A,N/A,N/A,N/A,N/A,N/A,N/A,N/A,0.00%
2023/3/28,200,201,181.5,186.5,199.4,N/A,N/A,N/A,N/A,N/A,N/A,N/A,1748,2064,N/A,N/A,N/A,N/A,N/A,N/A,N/A,N/A,N/A,N/A,N/A,N/A,N/A,N/A,N/A,N/A,N/A,N/A,N/A,N/A,N/A,N/A,N/A,N/A,N/A,N/A,N/A,N/A,N/A,N/A,N/A,N/A,N/A,0.00%
2023/3/29,186.5,187,172,176,195.4,N/A,N/A,N/A,N/A,N/A,N/A,N/A,1375,1849,N/A,N/A,N/A,N/A,N/A,N/A,N/A,N/A,N/A,N/A,N/A,N/A,N/A,N/A,N/A,N/A,N/A,N/A,N/A,N/A,N/A,N/A,N/A,N/A,N/A,N/A,N/A,N/A,N/A,N/A,N/A,N/A,N/A,0.00%
2023/3/30,174,188,174,187,190.2,N/A,N/A,N/A,N/A,N/A,N/A,N/A,1083,1449,N/A,N/A,N/A,N/A,N/A,N/A,N/A,N/A,N/A,N/A,N/A,N/A,N/A,N/A,N/A,N/A,N/A,N/A,N/A,N/A,N/A,N/A,N/A,N/A,N/A,N/A,N/A,N/A,N/A,N/A,N/A,N/A,N/A,0.00%
2023/3/31,184.5,187,181,184.5,187.1,N/A,N/A,N/A,N/A,N/A,N/A,N/A,760,1197,N/A,N/A,N/A,N/A,N/A,N/A,N/A,N/A,N/A,N/A,N/A,N/A,N/A,N/A,N/A,N/A,N/A,N/A,N/A,N/A,N/A,N/A,N/A,N/A,N/A,N/A,N/A,N/A,N/A,N/A,N/A,N/A,N/A,0.00%
2023/4/6,185,188,183,184,183.6,193.05,N/A,N/A,N/A,N/A,N/A,N/A,447,1083,1796,N/A,N/A,N/A,N/A,N/A,N/A,N/A,N/A,N/A,N/A,N/A,N/A,N/A,N/A,N/A,N/A,N/A,N/A,N/A,N/A,N/A,N/A,N/A,N/A,N/A,N/A,N/A,N/A,N/A,N/A,N/A,N/A,0.00%
2023/4/7,184,185,177,178,181.9,190.65,N/A,N/A,N/A,N/A,N/A,N/A,747,882,1473,N/A,N/A,N/A,N/A,N/A,N/A,N/A,N/A,N/A,N/A,N/A,N/A,N/A,N/A,N/A,N/A,N/A,N/A,N/A,N/A,N/A,N/A,N/A,N/A,N/A,N/A,N/A,N/A,N/A,N/A,N/A,N/A,0.00%
2023/4/10,179,195.5,178.5,192,185.1,190.25,N/A,N/A,N/A,N/A,N/A,N/A,1501,908,1378,N/A,N/A,N/A,N/A,N/A,N/A,N/A,N/A,N/A,N/A,N/A,N/A,N/A,N/A,N/A,N/A,N/A,N/A,N/A,N/A,N/A,N/A,N/A,N/A,N/A,N/A,N/A,N/A,N/A,N/A,N/A,N/A,0.00%
2023/4/11,188,196.5,186.5,189.5,185.6,187.9,N/A,N/A,N/A,N/A,N/A,N/A,1062,903,1176,N/A,N/A,N/A,N/A,N/A,N/A,N/A,N/A,N/A,N/A,N/A,N/A,N/A,N/A,N/A,N/A,N/A,N/A,N/A,N/A,N/A,N/A,N/A,N/A,N/A,N/A,N/A,N/A,N/A,N/A,N/A,N/A,0.00%
2023/4/12,190,204.5,188.5,198.5,188.4,187.75,N/A,N/A,N/A,N/A,N/A,N/A,1609,1073,1135,N/A,N/A,N/A,N/A,N/A,N/A,N/A,N/A,N/A,N/A,N/A,N/A,N/A,N/A,N/A,N/A,N/A,N/A,N/A,N/A,N/A,N/A,N/A,N/A,N/A,N/A,N/A,N/A,N/A,N/A,N/A,N/A,0.00%
2023/4/13,195,201.5,193,193,190.2,186.9,N/A,N/A,N/A,N/A,N/A,N/A,803,1144,1114,N/A,N/A,N/A,N/A,N/A,N/A,N/A,N/A,N/A,N/A,N/A,N/A,N/A,N/A,N/A,N/A,N/A,N/A,N/A,N/A,N/A,N/A,N/A,N/A,N/A,N/A,N/A,N/A,N/A,N/A,N/A,N/A,0.00%
2023/4/14,195.5,195.5,189,189.5,192.5,187.2,N/A,N/A,N/A,N/A,N/A,N/A,511,1097,990,N/A,N/A,N/A,N/A,N/A,N/A,N/A,N/A,N/A,N/A,N/A,N/A,N/A,N/A,N/A,N/A,N/A,N/A,N/A,N/A,N/A,N/A,N/A,N/A,N/A,N/A,N/A,N/A,N/A,N/A,N/A,N/A,0.00%
2023/4/17,189.5,200,189,200,194.1,189.6,N/A,N/A,N/A,N/A,N/A,N/A,1005,998,953,N/A,N/A,N/A,N/A,N/A,N/A,N/A,N/A,N/A,N/A,N/A,N/A,N/A,N/A,N/A,N/A,N/A,N/A,N/A,N/A,N/A,N/A,N/A,N/A,N/A,N/A,N/A,N/A,N/A,N/A,N/A,N/A,0.00%
2023/4/18,200,220,197,220,200.2,192.9,N/A,N/A,N/A,N/A,N/A,N/A,2235,1233,1068,N/A,N/A,N/A,N/A,N/A,N/A,N/A,N/A,N/A,N/A,N/A,N/A,N/A,N/A,N/A,N/A,N/A,N/A,N/A,N/A,N/A,N/A,N/A,N/A,N/A,N/A,N/A,N/A,N/A,N/A,N/A,N/A,0.00%
2023/4/19,228,242,220,237,207.9,198.15,N/A,N/A,N/A,N/A,N/A,N/A,2863,1483,1278,N/A,N/A,N/A,N/A,N/A,N/A,N/A,N/A,N/A,N/A,N/A,N/A,N/A,N/A,N/A,N/A,N/A,N/A,N/A,N/A,N/A,N/A,N/A,N/A,N/A,N/A,N/A,N/A,N/A,N/A,N/A,N/A,0.00%
2023/4/20,227,228.5,213.5,215.5,212.4,201.3,197.18,N/A,N/A,226.45,197.18,167.9,2140,1751,1448,N/A,N/A,N/A,N/A,N/A,N/A,N/A,N/A,N/A,N/A,N/A,N/A,N/A,N/A,N/A,N/A,N/A,N/A,N/A,N/A,N/A,N/A,N/A,N/A,N/A,N/A,N/A,N/A,N/A,N/A,N/A,29.69%,14.85%
2023/4/21,218,222.5,200.5,207,215.9,204.2,197.43,N/A,N/A,226.94,197.43,167.91,1316,1912,1505,0,410,0,0,0.55%,-14,58124,68,82,78.20%,-146,102,14,160,0.14%,N/A,N/A,N/A,N/A,N/A,N/A,0,0,-0.24,8676,16667,-7991,218.68,410,4.29,0,29.90%,22.37%
2023/4/24,201,205.5,194.5,203.5,216.6,205.35,197.8,N/A,N/A,227.43,197.8,168.18,592,1829,1414,24,434,24,0,0.58%,88,58212,114,26,78.32%,-2,100,3,5,0.13%,N/A,N/A,N/A,N/A,N/A,N/A,11.15,0,-0.2,8725,16672,-7947,217.73,434,4.75,0.26,29.95%,26.16%
2023/4/25,206,207,183.5,190.5,210.7,205.45,196.68,N/A,N/A,225.61,196.68,167.74,1113,1605,1419,0,434,0,0,0.58%,37,58249,120,83,78.37%,-59,41,16,75,0.06%,N/A,N/A,N/A,N/A,N/A,N/A,11.15,0,-0.22,9073,17172,-8099,217.73,331,4.13,0.3,29.42%,27.79%
2023/4/26,188,194,180,191.5,201.6,204.75,196.25,N/A,N/A,225.22,196.25,167.28,624,1157,1320,0,434,0,0,0.58%,62,58311,94,32,78.46%,13,54,17,4,0.07%,N/A,N/A,N/A,N/A,N/A,N/A,11.15,0,-0.16,9072,17213,-8141,217.73,316,5.46,0.41,29.53%,28.66%
2023/4/27,188,190.5,184.5,185,195.5,203.95,195.43,N/A,N/A,224.69,195.43,166.16,619,853,1302,0,434,0,0,0.58%,-16,58295,34,50,78.43%,0,54,11,11,0.07%,N/A,N/A,N/A,N/A,N/A,N/A,11.15,0,0.52,9227,17290,-8063,217.73,24,0.56,0.56,29.95%,29.30%
2023/4/28,186,202.5,186,198,193.7,204.8,196,N/A,N/A,224.99,196,167.01,1132,816,1364,0,434,0,0,0.58%,-19,58276,38,57,78.41%,-10,44,10,20,0.06%,N/A,N/A,N/A,N/A,N/A,N/A,11.15,0,0.72,9239,16852,-7613,217.73,24,0.59,0.59,29.58%,29.44%
2023/5/2,192,195,188.5,192,191.4,204,196.8,N/A,N/A,224.39,196.8,169.21,701,838,1334,0,434,0,0,0.58%,-17,58259,9,26,78.39%,32,76,48,16,0.10%,N/A,N/A,N/A,N/A,N/A,N/A,11.15,0,0.59,9205,16742,-7537,217.73,0,0,0,28.04%,28.74%
2023/5/3,188.5,191.5,188,189.5,191.2,200.95,196.93,N/A,N/A,224.36,196.93,169.49,265,668,1137,0,434,0,0,0.58%,-1,58258,10,11,78.39%,27,103,27,0,0.14%,N/A,N/A,N/A,N/A,N/A,N/A,11.15,0,0.31,9212,16932,-7720,217.73,0,0,0,27.86%,28.30%
2023/5/4,190,192,189.5,190,190.9,196.25,197.2,N/A,N/A,224.24,197.2,170.16,290,601,879,0,434,0,0,0.58%,7,58265,19,12,78.39%,1,104,2,1,0.14%,N/A,N/A,N/A,N/A,N/A,N/A,11.15,0,0.79,9246,16868,-7622,217.73,0,0,0,27.42%,27.86%
2023/5/5,190.5,190.5,185,185,190.9,193.2,197.25,N/A,N/A,224.19,197.25,170.31,429,563,708,0,434,0,0,0.58%,-14,58251,14,28,78.38%,-6,98,9,15,0.13%,N/A,N/A,N/A,N/A,N/A,N/A,11.15,0,0.39,9389,16594,-7205,217.73,0,0,0,27.32%,27.59%
2023/5/8,186,187,185,185.5,188.4,191.05,197.63,N/A,N/A,223.68,197.63,171.57,252,387,602,0,434,0,0,0.58%,14,58265,17,3,78.39%,2,100,2,0,0.13%,N/A,N/A,N/A,N/A,N/A,N/A,11.15,0,0.47,9411,16421,-7010,217.73,0,0,0,26.37%,26.98%
2023/5/9,186,186.5,180,180,186,188.7,197.03,N/A,N/A,224.1,197.03,169.95,322,312,575,0,434,0,0,0.58%,53,58318,58,5,78.47%,-6,94,2,8,0.13%,N/A,N/A,N/A,N/A,N/A,N/A,11.15,0,0.066,9671,16421,-6750,217.73,0,0,0,27.49%,27.23%
2023/5/10,180,183,176.5,178.5,183.8,187.5,196.48,N/A,N/A,224.57,196.48,168.38,344,327,498,0,434,0,0,0.58%,19,58337,30,11,78.49%,2,96,3,1,0.13%,N/A,N/A,N/A,N/A,N/A,N/A,11.15,0,0.46,9700,16588,-6888,217.73,0,0,0,28.60%,27.92%
2023/5/11,179,180,162,165.5,178.9,184.9,194.83,N/A,N/A,225.96,194.83,163.69,1095,488,545,0,434,0,0,0.58%,156,58493,170,14,78.70%,-96,0,0,96,0.00%,N/A,N/A,N/A,N/A,N/A,N/A,11.15,0,0.22,9681,16650,-6969,217.73,0,0,0,31.96%,29.94%
2023/5/12,165,172.5,164,171,176.1,183.5,193.73,N/A,N/A,226.55,193.73,160.9,352,473,518,0,434,0,0,0.58%,-42,58451,34,76,78.64%,2,2,2,0,0.00%,N/A,N/A,N/A,N/A,N/A,N/A,11.15,0,0.2,9696,16651,-6955,217.73,0,0,0,33.89%,31.91%
2023/5/15,169.5,169.5,154,155.5,170.1,179.25,192.03,N/A,N/A,228.83,192.03,155.22,1063,635,511,0,434,0,0,0.58%,76,58527,119,43,78.75%,6,8,6,0,0.01%,N/A,N/A,N/A,N/A,N/A,N/A,11.15,0,0.58,9753,16660,-6907,217.73,0,0,0,38.33%,35.12%
2023/5/16,155.5,159,155.5,158,165.7,175.85,189.93,N/A,N/A,229.37,189.93,150.48,255,622,467,0,434,0,0,0.58%,-12,58515,42,54,78.73%,1,9,1,0,0.01%,N/A,N/A,N/A,N/A,N/A,N/A,11.15,0,-0.35,9371,16201,-6830,217.73,0,0,0,41.54%,38.33%
2023/5/17,158,166,158,165,163,173.4,187.18,N/A,N/A,225.5,187.18,148.85,407,634,481,0,434,0,0,0.58%,-29,58486,21,50,78.69%,55,64,59,4,0.09%,N/A,N/A,N/A,N/A,N/A,N/A,14.62,0,0.054,9370,15915,-6545,217.73,0,0,0,40.95%,39.64%
2023/5/18,165.5,168,161.5,162,162.3,170.6,183.43,N/A,N/A,215.72,183.43,151.13,330,481,485,0,434,0,0,0.58%,-77,58409,16,93,78.59%,-21,43,0,21,0.06%,N/A,N/A,N/A,N/A,N/A,N/A,15.31,0,-0.084,9229,15743,-6514,217.73,0,0,0,35.21%,37.43%
2023/5/19,163.5,164,160.5,162,160.5,168.3,180.75,N/A,N/A,210.76,180.75,150.74,222,455,464,20,454,20,0,0.61%,-13,58396,22,35,78.57%,1,44,1,0,0.06%,N/A,N/A,N/A,N/A,N/A,N/A,183.53,0,0.088,9042,15612,-6570,215.26,20,0.88,0.88,33.20%,35.31%
2023/5/22,164,173,163,170.5,163.5,166.8,178.93,N/A,N/A,206.68,178.93,151.17,409,325,480,8,462,8,0,0.62%,2,58398,44,42,78.57%,10,54,11,1,0.07%,N/A,N/A,N/A,N/A,N/A,N/A,181.23,0,-0.23,9338,15612,-6274,214.45,28,1.73,1.73,31.02%,33.17%
2023/5/23,170.5,170.5,167,168.5,165.6,165.65,177.18,N/A,N/A,202.84,177.18,151.51,227,319,470,5,467,5,0,0.63%,-31,58367,16,47,78.53%,15,69,15,0,0.09%,N/A,N/A,N/A,N/A,N/A,N/A,164.59,0,-0.12,9582,15612,-6030,213.96,33,2.07,2.07,28.98%,31.07%
2023/5/24,169,169.5,164.5,167,166,164.5,176,N/A,N/A,201.27,176,150.73,218,281,458,5,472,5,0,0.64%,-2,58365,6,8,78.53%,-39,30,10,49,0.04%,N/A,N/A,N/A,N/A,N/A,N/A,164.79,0,-0.02,9655,15695,-6040,213.46,38,2.7,2.7,28.72%,29.89%
2023/5/25,167,167.5,164,164,166.4,164.35,174.63,N/A,N/A,199.36,174.63,149.89,147,245,363,0,472,0,0,0.64%,2,58367,8,6,78.53%,2,32,2,0,0.04%,N/A,N/A,N/A,N/A,N/A,N/A,164.79,0,0.38,9438,15476,-6038,213.46,38,3.11,3.11,28.33%,29.11%
2023/5/26,165,166,162,162,166.4,163.45,173.48,N/A,N/A,198.31,173.48,148.64,127,226,341,0,472,0,0,0.64%,-5,58362,0,5,78.52%,0,32,2,2,0.04%,N/A,N/A,N/A,N/A,N/A,N/A,164.79,0,-0.018,9425,15022,-5597,213.46,18,1.6,1.6,28.63%,28.87%
2023/5/29,164,164,159.5,161,164.5,164,171.63,N/A,N/A,194.3,171.63,148.95,212,186,255,0,472,0,0,0.64%,22,58384,23,1,78.55%,-16,16,1,17,0.02%,N/A,N/A,N/A,N/A,N/A,N/A,164.79,0,-0.17,9414,14560,-5146,213.46,10,1.07,1.07,26.42%,27.65%
2023/5/30,163,170,162.5,168.5,164.5,165.05,170.45,N/A,N/A,191.12,170.45,149.78,401,221,270,0,472,0,0,0.64%,-12,58372,23,35,78.54%,-1,15,1,2,0.02%,N/A,N/A,N/A,N/A,N/A,N/A,164.79,0,-0.23,9404,14526,-5122,213.46,5,0.45,0.45,24.26%,25.95%
2023/5/31,167,178,166.5,176.5,166.4,166.2,169.8,N/A,N/A,188.79,169.8,150.81,862,350,316,119,591,119,0,0.80%,97,58469,142,45,78.67%,40,55,43,3,0.07%,N/A,N/A,N/A,N/A,N/A,N/A,172.13,0,-0.41,9536,14503,-4967,205.63,119,6.8,6.8,22.36%,24.16%
2023/6/1,179.5,186,177,183,170.2,168.3,169.45,N/A,N/A,187.15,169.45,151.75,899,500,372,55,646,55,0,0.87%,82,56229,148,66,75.65%,-22,33,10,32,0.04%,N/A,N/A,N/A,N/A,N/A,N/A,174.86,0,0.039,9674,14509,-4835,203.68,174,6.96,6.96,20.89%,22.52%
2023/6/2,180,185,176.5,177.5,173.3,169.85,169.08,N/A,N/A,185.73,169.08,152.42,556,586,406,0,646,0,0,0.87%,-8,56221,21,29,75.64%,-9,24,4,13,0.03%,N/A,N/A,N/A,N/A,N/A,N/A,174.86,0,0.37,9867,14030,-4163,203.68,174,5.94,5.94,19.70%,21.11%
2023/6/5,178,180,175.5,177,176.5,170.5,168.65,N/A,N/A,183.98,168.65,153.32,199,583,385,13,659,13,0,0.89%,-8,56213,5,13,75.63%,1,25,1,0,0.03%,N/A,N/A,N/A,N/A,N/A,N/A,175.03,0,0.25,9655,13920,-4265,203.16,187,6.41,6.41,18.18%,19.65%
2023/6/6,178,178,172,177,178.2,171.35,168.5,N/A,N/A,183.44,168.5,153.56,277,559,390,0,659,0,0,0.89%,67,56280,69,2,75.72%,22,47,23,1,0.06%,N/A,N/A,N/A,N/A,N/A,N/A,175.03,0,0.47,9367,13918,-4551,203.16,187,6.7,6.7,17.73%,18.69%
2023/6/7,177,177.5,174,174.5,177.8,172.1,168.3,N/A,N/A,182.8,168.3,153.8,243,435,392,0,659,0,0,0.89%,33,56313,40,7,75.77%,17,65,18,1,0.09%,N/A,N/A,N/A,N/A,N/A,N/A,175.03,0,0.27,9489,13406,-3917,203.16,68,3.13,3.13,17.23%,17.96%
2023/6/8,174.5,182,174,182,177.6,173.9,169.13,N/A,N/A,184.73,169.13,153.52,602,375,438,14,673,14,0,0.91%,135,56448,149,14,75.95%,-32,33,9,41,0.04%,N/A,N/A,N/A,N/A,N/A,N/A,175.32,0,1.18,9330,13732,-4402,202.68,27,1.44,1.44,18.45%,18.21%
2023/6/9,188.5,192.5,183,187,179.5,176.4,169.93,N/A,N/A,187.36,169.93,152.49,932,451,518,0,673,0,0,0.91%,28,56476,123,95,75.99%,27,60,27,0,0.08%,N/A,N/A,N/A,N/A,N/A,N/A,175.32,0,0.62,9161,13520,-4359,202.68,27,1.2,1.2,20.53%,19.37%
2023/6/12,188.5,189.5,179.5,187,181.5,179,171.5,N/A,N/A,189.13,171.5,153.87,704,552,568,0,673,0,0,0.91%,-3,56473,62,65,75.98%,-37,23,0,37,0.03%,N/A,N/A,N/A,N/A,N/A,N/A,175.32,0,0.58,9367,13358,-3991,202.68,14,0.51,0.51,20.56%,19.96%
2023/6/13,187,192,184,190.5,184.2,181.2,173.13,N/A,N/A,191.46,173.13,154.79,836,663,611,0,673,0,0,0.91%,45,56518,66,21,76.04%,6,29,6,0,0.04%,N/A,N/A,N/A,N/A,N/A,N/A,175.32,0,0.21,9361,12818,-3457,202.68,14,0.42,0.42,21.18%,20.57%
2023/6/14,190.5,191,186,186.5,186.6,182.2,174.2,N/A,N/A,193.02,174.2,155.38,462,707,571,0,673,0,0,0.91%,26,56544,49,23,76.08%,45,74,45,0,0.10%,N/A,N/A,N/A,N/A,N/A,N/A,175.32,0,-0.31,9796,12623,-2827,202.68,14,0.4,0.4,21.60%,21.09%
2023/6/15,188,188,184,185,187.2,182.4,175.35,N/A,N/A,193.85,175.35,156.85,286,644,510,0,673,0,0,0.91%,41,56585,45,4,76.13%,29,103,30,1,0.14%,N/A,N/A,N/A,N/A,N/A,N/A,175.32,0,-0.27,9714,12605,-2891,202.68,0,0,0,21.10%,21.09%
2023/6/16,185,187,183.5,183.5,186.5,183,176.43,N/A,N/A,194.18,176.43,158.67,242,506,478,10,683,10,0,0.92%,-4,56581,41,45,76.13%,18,121,18,0,0.16%,N/A,N/A,N/A,N/A,N/A,N/A,176.92,0,-0.93,9891,12548,-2657,202.42,10,0.4,0.4,20.13%,20.61%
2023/6/19,183.5,185.5,181.5,181.5,185.4,183.45,176.98,N/A,N/A,194.65,176.98,159.3,219,409,480,0,683,0,0,0.92%,4,56585,24,20,76.13%,45,166,45,0,0.22%,N/A,N/A,N/A,N/A,N/A,N/A,177.22,0,-0.16,10864,12566,-1702,202.42,10,0.49,0.49,19.97%,20.29%
2023/6/20,182,183.5,178.5,181,183.5,183.85,177.6,N/A,N/A,194.91,177.6,160.29,152,272,468,0,683,0,0,0.92%,17,56602,21,4,76.16%,12,178,12,0,0.24%,N/A,N/A,N/A,N/A,N/A,N/A,177.41,0,-1.45,11004,12749,-1745,202.42,10,0.73,0.73,19.49%,19.89%
2023/6/21,181.5,182.5,178.5,180,182.2,184.4,178.25,N/A,N/A,194.88,178.25,161.62,158,211,459,0,683,0,0,0.92%,19,56621,21,2,76.18%,5,183,5,0,0.25%,N/A,N/A,N/A,N/A,N/A,N/A,177.67,0,-0.44,10875,12641,-1766,202.42,10,0.95,0.95,18.66%,19.27%
2023/6/26,178.5,178.5,168,169.5,179.1,183.15,178.53,N/A,N/A,194.37,178.53,162.68,700,294,469,0,683,0,0,0.92%,45,56666,72,27,76.24%,-4,179,6,10,0.24%,N/A,N/A,N/A,N/A,N/A,N/A,177.67,0,-0.18,11324,12858,-1534,202.42,10,0.68,0.68,17.75%,18.51%
2023/6/27,169.5,173,165,165.5,175.5,181,178.7,N/A,N/A,193.87,178.7,163.53,386,323,415,0,683,0,0,0.92%,-37,56629,28,65,76.19%,-3,176,28,31,0.24%,N/A,N/A,N/A,N/A,N/A,N/A,177.67,0,-0.66,11379,12956,-1577,202.42,0,0,0,16.98%,17.74%
2023/6/28,167.5,168,162.5,167.5,172.7,179.05,179.03,N/A,N/A,192.89,179.03,165.16,318,343,376,0,683,0,0,0.92%,-1,56628,15,16,76.19%,-17,159,8,25,0.21%,N/A,N/A,N/A,N/A,N/A,N/A,177.67,0,0.12,12055,12769,-714,202.42,0,0,0,15.49%,16.61%
2023/6/29,167.5,168.5,166.5,167,169.9,176.7,178.95,N/A,N/A,193.05,178.95,164.85,196,352,312,0,683,0,0,0.92%,-12,56616,12,24,76.18%,2,161,2,0,0.22%,N/A,N/A,N/A,N/A,N/A,N/A,177.67,0,-0.078,13341,12775,566,202.42,0,0,0,15.76%,16.19%
2023/6/30,168.5,170,166,166,167.1,174.65,178.43,N/A,N/A,193.6,178.43,163.26,195,359,285,0,210,0,0,0.28%,-35,56581,2,37,76.13%,4,164,6,2,0.22%,N/A,N/A,N/A,N/A,N/A,N/A,181.81,0,0.037,13290,12772,518,202.42,0,0,0,17.00%,16.60%
2023/7/3,168,173.5,168,172.5,167.7,173.4,177.9,N/A,N/A,193.13,177.9,162.67,468,313,303,0,210,0,0,0.28%,-15,56566,37,52,76.11%,65,229,67,2,0.31%,N/A,N/A,N/A,N/A,N/A,N/A,180.58,0,-0.21,14639,12191,2448,202.42,0,0,0,17.12%,16.86%
2023/7/4,173.5,173.5,168,170,168.6,172.05,177.53,N/A,N/A,193.14,177.53,161.91,385,312,318,89,299,89,0,0.40%,-7,56559,74,81,76.10%,21,250,21,0,0.34%,N/A,N/A,N/A,N/A,N/A,N/A,173.37,0,-0.57,15276,12086,3190,198.74,89,5.7,5.7,17.59%,17.22%
2023/7/5,173,177.5,171,172,169.5,171.1,177.28,N/A,N/A,193.07,177.28,161.48,572,363,353,0,299,0,0,0.40%,39,56598,124,85,76.15%,69,319,76,7,0.43%,N/A,N/A,N/A,N/A,N/A,N/A,172.85,0,-0.14,15347,12196,3151,198.74,89,4.9,4.9,17.82%,17.52%
2023/7/6,170,173.5,166.5,168.5,169.8,169.85,176.85,N/A,N/A,193.1,176.85,160.6,491,422,387,-17,282,0,17,0.38%,-45,56553,87,132,76.09%,0,318,8,8,0.43%,N/A,N/A,N/A,N/A,N/A,N/A,172.85,169.27,-0.11,15534,12695,2839,198.74,72,3.41,3.41,18.38%,17.95%
2023/7/7,167,170,166,166.5,169.9,168.5,176.45,N/A,N/A,193.3,176.45,159.6,201,423,391,0,282,0,0,0.38%,-32,56521,26,58,76.05%,-1,318,2,3,0.43%,N/A,N/A,N/A,N/A,N/A,N/A,172.85,169.27,-0.44,15653,12822,2831,198.74,72,3.4,3.4,19.10%,18.52%
2023/7/10,168.5,168.5,166,166,168.6,168.15,175.65,N/A,N/A,192.88,175.65,158.42,128,355,334,0,282,0,0,0.38%,-28,56493,18,46,76.01%,-7,311,0,7,0.42%,N/A,N/A,N/A,N/A,N/A,N/A,171.84,169.27,0.09,15976,12910,3066,198.74,72,4.05,4.05,19.62%,19.07%
2023/7/11,169,173,166.5,169.5,168.5,168.55,174.78,N/A,N/A,191.38,174.78,158.17,309,340,326,0,282,0,0,0.38%,72,56565,95,23,76.11%,18,329,18,0,0.44%,N/A,N/A,N/A,N/A,N/A,N/A,171.84,169.27,-0.18,16181,12481,3700,198.74,-17,-1,-1,19.00%,19.04%
2023/7/12,171.5,171.5,166.5,166.5,167.4,168.45,173.75,N/A,N/A,189.73,173.75,157.77,245,275,319,0,282,0,0,0.38%,-40,56525,29,69,76.05%,-11,318,0,11,0.43%,N/A,N/A,N/A,N/A,N/A,N/A,171.84,169.27,0.068,16631,12374,4257,198.74,-17,-1.24,-1.24,18.39%,18.72%
2023/7/13,166.5,168.5,162.5,163,166.3,168.05,172.38,N/A,N/A,187.03,172.38,157.72,655,308,365,0,282,0,0,0.38%,-66,56459,131,197,75.96%,-23,295,5,28,0.40%,N/A,N/A,N/A,N/A,N/A,N/A,171.84,169.27,-0.38,17065,12106,4959,198.74,0,0,0,17.00%,17.86%
2023/7/14,165,165,162,162.5,165.5,167.7,171.18,N/A,N/A,184.91,171.18,157.44,255,318,371,0,282,0,0,0.38%,38,56497,57,19,76.02%,1,296,2,1,0.40%,N/A,N/A,N/A,N/A,N/A,N/A,171.84,169.27,-0.27,17134,11782,5352,198.74,0,0,0,16.05%,16.95%
2023/7/17,162.5,163,160.5,161,164.5,166.55,169.98,N/A,N/A,182.83,169.98,157.12,249,343,349,0,282,0,0,0.38%,13,56510,50,37,76.03%,1,297,3,2,0.40%,N/A,N/A,N/A,N/A,N/A,N/A,171.84,169.27,-0.48,13117,11783,1334,198.74,0,0,0,15.13%,16.04%
2023/7/18,162,163.5,159,159,162.4,165.45,168.75,N/A,N/A,180.87,168.75,156.63,361,353,347,0,282,0,0,0.38%,-111,56399,13,124,75.88%,0,297,3,3,0.40%,N/A,N/A,N/A,N/A,N/A,N/A,170.37,169.27,-0.029,12969,11853,1116,198.74,0,0,0,14.36%,15.20%
2023/7/19,160.5,162,158,159,160.9,164.15,167.63,N/A,N/A,178.95,167.63,156.3,328,370,322,0,282,0,0,0.38%,-27,56387,32,59,75.87%,4,301,7,3,0.41%,N/A,N/A,N/A,N/A,N/A,N/A,170.37,169.27,-0.25,12989,11967,1022,198.74,0,0,0,13.51%,14.36%
2023/7/20,159,161,155.5,158.5,160,163.15,166.5,N/A,N/A,176.7,166.5,156.3,257,290,299,0,282,0,0,0.38%,51,56452,76,25,75.95%,1,302,3,2,0.41%,N/A,N/A,N/A,N/A,N/A,N/A,170.37,169.27,-0.49,12684,12062,622,198.74,0,0,0,12.26%,13.31%
2023/7/21,160,165,157,161.5,159.8,162.65,165.58,N/A,N/A,173.9,165.58,157.25,437,326,322,0,282,0,0,0.38%,-20,56434,90,110,75.93%,9,311,20,11,0.42%,N/A,N/A,N/A,N/A,N/A,N/A,170.37,169.27,-0.68,12724,12215,509,198.74,0,0,0,10.05%,11.68%
2023/7/24,162.5,162.5,156,158,159.2,161.85,165,N/A,N/A,173.74,165,156.27,322,341,342,0,282,0,0,0.38%,-71,56363,47,118,75.83%,-9,302,3,12,0.41%,N/A,N/A,N/A,N/A,N/A,N/A,170.37,169.27,-0.8,12692,12213,479,198.74,0,0,0,10.59%,11.13%
2023/7/25,158,158.5,156,157.5,158.9,160.65,164.6,N/A,N/A,173.92,164.6,155.28,196,308,331,-41,241,0,41,0.32%,29,56392,43,14,75.87%,-2,299,0,2,0.40%,N/A,N/A,N/A,N/A,N/A,N/A,170.37,160.79,-0.38,12756,11677,1079,198.74,-41,-2.66,-2.66,11.32%,11.23%
2023/7/26,157,160.5,156.5,156.5,158.4,159.65,164.05,N/A,N/A,173.9,164.05,154.2,279,298,334,0,241,0,0,0.32%,-7,56387,36,43,75.87%,3,302,4,2,0.41%,N/A,N/A,N/A,N/A,N/A,N/A,170.37,160.79,-0.64,12454,11786,668,198.74,-41,-2.75,-2.75,12.01%,11.62%
2023/7/27,156,163.5,156,158.5,158.4,159.2,163.63,N/A,N/A,173.66,163.63,153.59,435,334,312,0,241,0,0,0.32%,47,56434,102,55,75.93%,10,312,12,2,0.42%,N/A,N/A,N/A,N/A,N/A,N/A,170.37,160.79,-0.28,12480,11599,881,196.74,-41,-2.46,-2.46,12.27%,11.95%
2023/7/28,160,160,156,158,157.7,158.75,163.23,N/A,N/A,173.49,163.23,152.96,109,268,297,0,241,0,0,0.32%,-15,56419,9,24,75.91%,-4,308,1,5,0.41%,N/A,N/A,N/A,N/A,N/A,N/A,170.37,160.79,0.15,12150,11598,552,196.74,-41,-3.06,-3.06,12.58%,12.26%
2023/7/31,159,159,156,156.5,157.4,158.3,162.43,N/A,N/A,172.15,162.43,152.7,261,256,299,0,241,0,0,0.32%,-80,56339,6,86,75.80%,-1,307,1,2,0.41%,N/A,N/A,N/A,N/A,N/A,N/A,170.37,160.79,0.44,11724,11704,20,196.74,-41,-3.2,-3.2,11.98%,12.12%
2023/8/1,157,161,157,157.5,157.4,158.15,161.8,N/A,N/A,171.1,161.8,152.5,179,253,280,0,241,0,0,0.32%,10,56356,41,31,75.83%,-4,303,1,5,0.41%,N/A,N/A,N/A,N/A,N/A,N/A,170.37,160.79,-0.049,11488,11605,-117,196.74,0,0,0,11.49%,11.81%
2023/8/2,158,158,152,152.5,156.6,157.5,160.83,N/A,N/A,169.72,160.83,151.93,461,289,294,0,241,0,0,0.32%,-24,56332,28,52,75.79%,-94,208,2,96,0.28%,N/A,N/A,N/A,N/A,N/A,N/A,170.37,160.79,-0.016,11646,12005,-359,196.74,0,0,0,11.06%,11.43%
2023/8/4,153,154,152.5,153,155.5,156.95,160.05,N/A,N/A,168.84,160.05,151.26,95,221,277,0,241,0,0,0.32%,-27,56307,7,34,75.76%,-2,207,1,3,0.28%,N/A,N/A,N/A,N/A,N/A,N/A,170.37,157.27,0.3,11866,12104,-238,196.74,0,0,0,10.98%,11.21%
2023/8/7,153.5,153.5,150,150,153.9,155.8,159.23,N/A,N/A,168.52,159.23,149.93,232,246,257,0,241,0,0,0.32%,-32,56275,14,46,75.72%,-35,171,0,35,0.23%,N/A,N/A,N/A,N/A,N/A,N/A,170.37,157.27,0.84,11971,11721,250,196.74,0,0,0,11.67%,11.44%
2023/8/8,150,150.5,140,140.5,150.7,154.05,157.95,N/A,N/A,169.82,157.95,146.08,624,318,287,0,241,0,0,0.32%,-14,56261,50,64,75.70%,-141,30,10,151,0.04%,N/A,N/A,N/A,N/A,N/A,N/A,170.37,157.27,0.78,12222,11725,497,196.74,0,0,0,15.02%,13.23%
2023/8/9,140.5,143.5,136,141.5,147.5,152.45,156.55,N/A,N/A,169.21,156.55,143.89,392,361,307,-41,200,0,41,0.27%,122,56384,180,58,75.86%,14,44,22,8,0.06%,N/A,N/A,N/A,N/A,N/A,N/A,170.37,148.45,1.14,12304,11738,566,196.75,-41,-2.27,-2.27,16.18%,14.71%
2023/8/10,139,140,135,135.5,144.1,150.35,155,N/A,N/A,169.82,155,140.18,326,334,311,0,200,0,0,0.27%,-70,56314,55,125,75.77%,-18,27,4,22,0.04%,N/A,N/A,N/A,N/A,N/A,N/A,170.37,148.45,0.43,12832,12070,762,196.75,-41,-2.46,-2.46,19.12%,16.91%
2023/8/11,137.5,137.5,133,134,140.3,147.9,153.55,N/A,N/A,170.48,153.55,136.62,130,341,281,0,200,0,0,0.27%,-5,56302,14,19,75.75%,-2,25,2,4,0.03%,N/A,N/A,N/A,N/A,N/A,N/A,170.37,148.45,0.65,12891,12169,722,196.75,-41,-2.41,-2.41,22.05%,19.48%
2023/8/14,132.5,132.5,127,130,136.3,145.1,151.93,N/A,N/A,171.18,151.93,132.67,299,354,300,0,200,0,0,0.27%,118,56448,132,14,75.95%,-2,22,1,3,0.03%,N/A,N/A,N/A,N/A,N/A,N/A,170.37,148.45,1.57,13375,12341,1034,196.75,-41,-2.32,-2.32,25.35%,22.42%
2023/8/15,130.5,131,128,129,134,142.35,150.33,N/A,N/A,171.52,150.33,129.13,375,304,311,-90,110,0,90,0.15%,29,56497,214,185,76.02%,-1,21,4,5,0.03%,N/A,N/A,N/A,N/A,N/A,N/A,170.37,138.37,0.21,11978,12237,-259,196.75,-131,-8.61,-8.61,28.20%,25.31%
2023/8/16,129.5,129.5,126,127.5,131.2,139.35,148.75,N/A,N/A,171.74,148.75,125.76,179,262,311,0,110,0,0,0.15%,45,56538,102,57,76.07%,-7,14,0,7,0.02%,N/A,N/A,N/A,N/A,N/A,N/A,170.37,138.37,1.36,12296,12246,50,196.75,-90,-6.88,-6.88,30.91%,28.11%
2023/8/17,128,140,128,140,132.1,138.1,147.8,N/A,N/A,170.59,147.8,125.01,464,289,312,1,111,1,0,0.15%,11,56549,90,79,76.09%,0,14,0,0,0.02%,N/A,N/A,N/A,N/A,N/A,N/A,136.73,138.37,0.87,12521,12234,287,196.21,-89,-6.15,-6.15,30.83%,29.47%
2023/8/18,143,144.5,137,137,132.7,136.5,146.73,N/A,N/A,169.42,146.73,124.03,505,364,353,0,111,0,0,0.15%,-160,56389,55,215,75.87%,-1,13,1,2,0.02%,N/A,N/A,N/A,N/A,N/A,N/A,136.73,138.37,0.33,12490,12362,128,196.21,-89,-4.88,-4.88,30.93%,30.20%
2023/8/21,136.5,137.5,133.5,135,133.7,135,145.4,N/A,N/A,167.58,145.4,123.22,116,328,341,8,119,8,0,0.16%,-2,56387,27,29,75.87%,0,13,0,0,0.02%,N/A,N/A,N/A,N/A,N/A,N/A,136.18,138.37,0.19,12574,12363,211,192.13,-81,-4.94,-4.94,30.51%,30.35%
2023/8/22,136,139.5,134.5,138.5,135.6,134.8,144.43,N/A,N/A,166.01,144.43,122.84,130,279,292,14,133,14,0,0.18%,-12,56375,34,46,75.85%,0,13,0,0,0.02%,N/A,N/A,N/A,N/A,N/A,N/A,136.71,138.37,0.78,12549,12354,195,186.36,23,1.65,1.65,29.89%,30.12%
2023/8/23,143,146.5,140.5,140.5,138.2,134.7,143.58,N/A,N/A,164.36,143.58,122.79,394,322,292,14,147,14,0,0.20%,-107,56273,55,162,75.71%,0,13,3,3,0.02%,N/A,N/A,N/A,N/A,N/A,N/A,138.99,132.45,0.47,12564,12024,540,182.2,37,2.3,2.3,28.95%,29.53%
2023/8/24,140.5,143,137,137,137.6,134.85,142.6,N/A,N/A,162.68,142.6,122.52,155,260,275,0,147,0,0,0.20%,-31,56242,13,44,75.67%,0,13,0,0,0.02%,N/A,N/A,N/A,N/A,N/A,N/A,138.99,132.45,0.5,12877,11599,1278,182.2,36,2.77,2.77,28.16%,28.85%
2023/8/25,135.5,141.5,135.5,139.5,138.1,135.4,141.65,N/A,N/A,160.39,141.65,122.91,121,183,274,48,195,48,0,0.26%,14,56256,25,11,75.69%,-1,12,0,1,0.02%,N/A,N/A,N/A,N/A,N/A,N/A,139.35,132.45,0.27,13682,12238,1444,171.81,84,9.17,9.17,26.45%,27.65%
2023/8/28,141.5,141.5,138,138.5,138.8,136.25,140.68,N/A,N/A,157.87,140.68,123.48,95,179,253,0,195,0,0,0.26%,-37,56219,10,47,75.64%,0,12,0,0,0.02%,N/A,N/A,N/A,N/A,N/A,N/A,139.35,132.45,0.56,14059,12246,1813,171.81,76,8.49,8.49,24.45%,26.05%
2023/8/29,140,144.5,139,142.5,139.6,137.6,139.98,N/A,N/A,155.61,139.98,124.34,217,196,238,36,231,36,0,0.31%,19,56238,59,40,75.67%,4,15,4,0,0.02%,N/A,N/A,N/A,N/A,N/A,N/A,140.2,132.45,1.14,13875,11919,1956,167.25,98,9.98,9.98,22.33%,24.19%
2023/8/30,143,143,140.5,141,139.7,138.95,139.15,N/A,N/A,152.58,139.15,125.72,96,137,229,14,245,14,0,0.33%,-9,56229,16,25,75.65%,1,16,1,0,0.02%,N/A,N/A,N/A,N/A,N/A,N/A,140.36,132.45,1.17,13120,11491,1629,165.78,98,14.33,14.33,19.31%,21.75%
2023/8/31,140,141,139,140,140.3,138.95,138.53,N/A,N/A,150.5,138.53,126.55,130,132,196,0,245,0,0,0.33%,14,56243,30,16,75.67%,-2,14,1,3,0.02%,N/A,N/A,N/A,N/A,N/A,N/A,140.36,132.45,0.59,12604,11651,953,165.78,98,14.87,14.87,17.29%,19.52%
2023/9/1,140.5,143,140.5,141,140.6,139.35,137.93,N/A,N/A,147.99,137.93,127.86,105,129,156,0,245,0,0,0.33%,51,56294,57,6,75.74%,0,14,1,1,0.02%,N/A,N/A,N/A,N/A,N/A,N/A,140.36,132.45,1.1,12609,11649,960,165.78,50,7.78,7.78,14.59%,17.05%
2023/9/4,143,145,141,144,141.7,140.25,137.63,N/A,N/A,146.52,137.63,128.73,115,133,156,0,245,0,0,0.33%,14,56308,30,16,75.76%,-1,13,0,1,0.02%,N/A,N/A,N/A,N/A,N/A,N/A,140.36,132.45,0.81,12653,11435,1218,165.78,50,7.54,7.54,12.92%,14.99%
2023/9/5,142.5,146,142.5,143.5,141.9,140.75,137.78,N/A,N/A,146.95,137.78,128.6,101,109,153,14,259,14,0,0.35%,-5,56307,19,24,75.76%,0,13,0,0,0.02%,N/A,N/A,N/A,N/A,N/A,N/A,140.81,132.45,1.07,12568,11430,1138,164.62,28,5.12,5.12,13.32%,14.16%
2023/9/6,143.5,144,143,143,142.3,141,137.85,N/A,N/A,147.17,137.85,128.53,73,105,121,0,259,0,0,0.35%,-30,56277,4,34,75.72%,-1,12,0,1,0.02%,N/A,N/A,N/A,N/A,N/A,N/A,140.81,129.18,1.72,12458,11436,1022,164.62,14,2.67,2.67,13.53%,13.84%
2023/9/7,143.5,144,142,144,143.1,141.7,138.28,N/A,N/A,147.9,138.28,128.65,67,92,112,0,259,0,0,0.35%,-7,56270,17,24,75.71%,-1,11,0,1,0.01%,N/A,N/A,N/A,N/A,N/A,N/A,140.81,129.18,1.49,12498,11709,789,164.62,14,3.04,3.04,13.92%,13.88%
2023/9/8,142,143.5,141,142.5,143.4,142,138.7,N/A,N/A,148.28,138.7,129.12,72,86,107,0,259,0,0,0.35%,1,56271,25,24,75.71%,0,11,0,0,0.01%,N/A,N/A,N/A,N/A,N/A,N/A,140.81,129.18,1.69,12891,11718,1173,164.62,14,3.27,3.27,13.82%,13.85%
2023/9/11,145,151.5,144,145.5,143.7,142.7,139.48,N/A,N/A,148.62,139.48,130.33,365,136,134,0,259,0,0,0.35%,-6,56265,58,64,75.70%,15,26,15,0,0.03%,N/A,N/A,N/A,N/A,N/A,N/A,140.81,129.18,1.4,13386,11986,1400,164.62,14,2.06,2.06,13.11%,13.48%
2023/9/12,149,152,145.5,149.5,144.9,143.4,140.5,N/A,N/A,149.3,140.5,131.7,251,166,138,46,305,46,0,0.41%,-29,56236,51,80,75.66%,4,30,7,3,0.04%,N/A,N/A,N/A,N/A,N/A,N/A,142.78,129.18,1.35,13356,11718,1638,162.33,46,5.56,5.56,12.53%,13.00%
2023/9/13,151,152,149,151,146.5,144.4,141.68,N/A,N/A,149.44,141.68,133.91,231,197,151,100,405,100,0,0.54%,-49,56187,36,85,75.60%,6,36,6,0,0.05%,N/A,N/A,N/A,N/A,N/A,N/A,145.38,129.18,1.72,13789,11706,2083,159.43,146,14.81,14.81,10.96%,11.98%
2023/9/14,153,161.5,152,156,148.9,146,142.48,N/A,N/A,152.38,142.48,132.57,755,335,214,59,464,59,0,0.62%,57,56245,139,82,75.68%,22,58,40,18,0.08%,N/A,N/A,N/A,N/A,N/A,N/A,147.47,129.18,2.09,13859,11300,2559,159.21,205,12.25,12.25,13.91%,12.94%
2023/9/15,156.5,159.5,153,156.5,151.7,147.55,143.45,N/A,N/A,154.75,143.45,132.15,287,378,232,0,464,0,0,0.62%,-33,56213,84,117,75.63%,19,77,20,1,0.10%,N/A,N/A,N/A,N/A,N/A,N/A,147.47,129.18,1.8,13140,11191,1949,159.21,205,10.85,10.85,15.75%,14.35%
2023/9/18,156.5,159,154,154,153.4,148.55,144.4,N/A,N/A,155.89,144.4,132.91,146,334,235,0,464,0,0,0.62%,-55,56159,5,60,75.56%,-5,72,1,6,0.10%,N/A,N/A,N/A,N/A,N/A,N/A,147.74,129.18,0.61,13804,11460,2344,159.21,205,12.28,12.28,15.92%,15.13%
2023/9/19,154.5,158,148.5,148.5,153.2,149.05,144.9,N/A,N/A,156.19,144.9,133.61,212,326,246,-11,453,0,11,0.61%,-38,56122,11,49,75.51%,9,80,30,21,0.11%,N/A,N/A,N/A,N/A,N/A,N/A,148.19,152.13,1.57,13581,11572,2009,159.21,148,9.07,9.07,15.58%,15.36%
2023/9/20,148.5,148.5,145.5,145.5,152.1,149.3,145.15,N/A,N/A,156.26,145.15,134.04,90,298,248,0,453,0,0,0.61%,1,56118,10,9,75.51%,0,80,1,1,0.11%,N/A,N/A,N/A,N/A,N/A,N/A,148.43,152.13,0.71,13857,11623,2234,159.21,48,3.22,3.22,15.31%,15.33%
2023/9/21,147.5,147.5,140.5,142.5,149.4,149.15,145.43,N/A,N/A,155.97,145.43,134.88,221,191,263,0,453,0,0,0.61%,32,56150,49,17,75.55%,-16,64,9,25,0.09%,N/A,N/A,N/A,N/A,N/A,N/A,148.43,152.13,-0.017,14288,11645,2643,159.21,-11,-1.15,-1.15,14.50%,14.92%
2023/9/22,140,143.5,140,143.5,146.8,149.25,145.63,N/A,N/A,155.86,145.63,135.39,70,148,263,0,453,0,0,0.61%,34,56179,36,2,75.59%,-31,33,0,31,0.04%,N/A,N/A,N/A,N/A,N/A,N/A,150,152.13,0.98,14478,11644,2834,159.21,-11,-1.49,-1.49,14.06%,14.49%
2023/9/25,142.5,145,139,139.5,143.9,148.65,145.68,N/A,N/A,155.78,145.68,135.57,274,173,254,0,453,0,0,0.61%,4,56183,44,40,75.59%,1,34,3,2,0.05%,N/A,N/A,N/A,N/A,N/A,N/A,150,152.13,1.45,14560,11365,3195,159.21,-11,-1.27,-1.27,13.87%,14.18%
2023/9/26,140,141,139,139,142,147.6,145.5,N/A,N/A,155.94,145.5,135.06,82,147,237,0,453,0,0,0.61%,-9,56174,15,24,75.58%,-6,28,0,6,0.04%,N/A,N/A,N/A,N/A,N/A,N/A,151.2,152.13,1.23,14413,11639,2774,159.21,0,0,0,14.34%,14.26%
2023/9/27,138,139,136.5,137.5,140.4,146.25,145.33,N/A,N/A,156.17,145.33,134.48,66,143,220,0,453,0,0,0.61%,1,56239,13,12,75.67%,-1,27,0,1,0.04%,N/A,N/A,N/A,N/A,N/A,N/A,151.81,152.13,0.86,14430,11647,2783,159.21,0,0,0,14.92%,14.59%
2023/9/28,140,142,140,140.5,140,144.7,145.35,N/A,N/A,156.14,145.35,134.56,166,132,161,0,453,0,0,0.61%,28,56267,61,33,75.71%,-3,24,1,4,0.03%,0,0,0,0,0,0.00%,151.81,152.13,1.34,14421,11409,3012,159.21,0,0,0,14.85%,14.72%
2023/10/2,144.5,146,142,144.5,140.2,143.5,145.53,N/A,N/A,156.14,145.53,134.91,165,151,149,0,453,0,0,0.61%,-23,56244,30,53,75.67%,0,24,0,0,0.03%,7,7,7,0,0,0.04%,151.81,152.13,1.68,14626,11071,3555,159.21,0,0,0,14.59%,14.66%
2023/10/3,145,145,140.5,142,140.7,142.3,145.43,N/A,N/A,156.14,145.43,134.71,134,123,148,0,453,0,0,0.61%,-2,56242,39,41,75.67%,21,45,21,0,0.06%,17,10,10,0,0,0.09%,151.81,152.13,0.76,14571,11236,3335,159.21,0,0,0,14.73%,14.69%
2023/10/4,142,142.5,139.5,140.5,141,141.5,145.28,N/A,N/A,156.17,145.28,134.38,91,124,136,0,453,0,0,0.61%,-16,56226,8,24,75.65%,8,53,29,21,0.07%,19,2,2,0,0,0.10%,152.26,152.13,0.86,14461,11572,2889,159.21,0,0,0,15.00%,14.85%
2023/10/5,140,142.5,138.5,141.5,141.8,141.1,145.2,N/A,N/A,156.18,145.2,134.22,147,141,142,-27,426,0,27,0.57%,9,56235,30,21,75.66%,0,53,33,33,0.07%,32,13,13,0,0,0.17%,152.26,143.51,0.68,14531,11362,3169,159.21,-27,-3.84,-3.84,15.12%,14.98%
2023/10/6,141,144,141,142,142.1,141.05,145.1,N/A,N/A,156.16,145.1,134.04,129,133,132,0,426,0,0,0.57%,13,56248,23,10,75.68%,0,53,30,30,0.07%,31,-1,5,6,0,0.17%,152.26,143.51,0.84,14470,11131,3339,159.21,-27,-4.05,-4.05,15.24%,15.11%
2023/10/11,141.5,143.5,140,140.5,141.3,140.75,145,N/A,N/A,156.18,145,133.82,184,137,144,0,426,0,0,0.57%,35,56283,61,26,75.73%,5,58,37,32,0.08%,39,8,8,0,0,0.21%,152.26,143.51,0.32,14645,10856,3789,159.21,-27,-3.94,-3.94,15.43%,15.27%
2023/10/12,150.5,154.5,149.5,154.5,143.8,142.25,145.45,N/A,N/A,157.38,145.45,133.52,777,266,194,0,426,0,0,0.57%,138,56421,163,25,75.91%,-12,46,6,18,0.06%,101,62,68,6,0,0.54%,152.26,143.51,0.5,14449,10635,3814,159.21,-27,-2.03,-2.03,16.40%,15.84%
2023/10/13,154,157,149,150,145.7,143.35,145.48,N/A,N/A,157.44,145.48,133.51,524,352,238,0,426,0,0,0.57%,-74,56347,63,137,75.81%,0,46,3,3,0.06%,119,18,41,23,0,0.64%,153.16,143.51,0.13,14462,10744,3718,159.21,-27,-1.53,-1.53,16.45%,16.14%
2023/10/16,148.5,151.5,146.5,146.5,146.7,144.25,145.25,N/A,N/A,156.96,145.25,133.54,180,359,250,0,426,0,0,0.57%,-41,56306,6,47,75.76%,10,56,31,21,0.08%,131,12,17,5,0,0.71%,157.74,143.51,0.67,14137,10919,3218,159.21,0,0,0,16.12%,16.13%
2023/10/17,147.5,148,143,143.5,147,144.55,144.63,N/A,N/A,155.25,144.63,134,193,372,252,0,426,0,0,0.57%,-60,56269,16,76,75.71%,-33,23,0,33,0.03%,138,7,18,11,0,0.74%,157.74,143.51,0.014,14384,11032,3352,159.21,0,0,0,14.70%,15.41%
2023/10/18,143.5,144,139,139,146.7,144,143.75,N/A,N/A,153.13,143.75,134.37,206,376,257,0,426,0,0,0.57%,-84,56185,13,97,75.60%,0,23,0,0,0.03%,151,13,29,16,0,0.81%,157.74,143.51,-0.59,12699,11322,1377,159.21,0,0,0,13.06%,14.23%
2023/10/19,138.5,140,137.5,139,143.6,143.7,143,N/A,N/A,151.32,143,134.68,132,247,256,0,426,0,0,0.57%,-27,56160,14,41,75.56%,-11,12,1,12,0.02%,163,12,22,10,0,0.88%,157.74,143.51,1.06,12929,11323,1606,159.21,0,0,0,11.64%,12.94%
2023/10/20,137.5,139.5,134,139.5,141.5,143.6,142.55,N/A,N/A,150.61,142.55,134.49,244,191,272,5,431,5,0,0.58%,-49,56113,26,75,75.50%,0,12,1,1,0.02%,160,-3,10,13,0,0.86%,136.82,140,0.94,13176,11329,1847,158.95,5,0.52,0.52,11.30%,12.12%
2023/10/23,139,142,139,139.5,140.1,143.4,142.25,N/A,N/A,150.29,142.25,134.21,284,212,285,0,431,0,0,0.58%,45,56159,81,36,75.56%,0,12,0,0,0.02%,160,0,1,1,0,0.86%,136.82,140,0.079,13368,11479,1889,158.95,5,0.47,0.47,11.30%,11.71%
2023/10/24,139.5,140.5,139,140.5,139.5,143.25,142.15,N/A,N/A,150.23,142.15,134.07,42,182,277,0,431,0,0,0.58%,-19,56140,7,26,75.53%,0,12,0,0,0.02%,162,2,4,2,0,0.87%,136.82,140,0.82,13765,11371,2394,158.95,5,0.55,0.55,11.36%,11.54%
2023/10/25,141,143,141,143,140.3,143.5,142.13,N/A,N/A,150.19,142.13,134.06,68,154,265,0,431,0,0,0.58%,-2,56138,16,18,75.53%,20,32,20,0,0.04%,150,-12,4,16,0,0.81%,136.82,140,1.72,13844,11250,2594,158.95,5,0.65,0.65,11.34%,11.44%
2023/10/26,139.5,143.5,139.5,143.5,141.2,142.4,142.33,N/A,N/A,150.31,142.33,134.34,62,140,194,10,109,10,0,0.15%,-13,56125,6,19,75.51%,15,47,15,0,0.06%,149,-1,0,1,0,0.80%,140.51,140,0.75,13760,11576,2184,158.58,15,2.14,2.14,11.23%,11.33%
2023/10/27,143,154,142,147.5,142.8,142.15,142.75,N/A,N/A,150.89,142.75,134.61,378,167,179,0,109,0,0,0.15%,4,56129,62,58,75.52%,55,102,59,4,0.14%,179,30,39,9,0,0.96%,140.51,140,0.91,13814,11471,2343,158.58,10,1.2,1.2,11.40%,11.37%
2023/10/30,148,152,146.5,146.5,144.2,142.15,143.2,N/A,N/A,151.12,143.2,135.28,230,156,184,0,109,0,0,0.15%,-41,56101,14,55,75.48%,35,137,75,40,0.18%,180,1,3,2,0,0.97%,140.51,140,1.48,13845,11459,2386,158.58,10,1.28,1.28,11.06%,11.22%
2023/10/31,146.5,148,142,144.5,145,142.25,143.4,N/A,N/A,151.24,143.4,135.56,137,175,178,0,109,0,0,0.15%,-43,56058,9,52,75.42%,20,157,20,0,0.21%,190,10,25,11,4,1.02%,140.51,140,1.54,13853,11745,2108,158.58,10,1.14,1.14,10.93%,11.07%
2023/11/1,146,146.5,143.5,146,145.6,142.95,143.48,N/A,N/A,151.38,143.48,135.57,130,187,171,0,109,0,0,0.15%,49,56107,77,28,75.49%,-64,93,6,70,0.13%,204,14,14,0,0,1.10%,140.51,140,1.07,14326,11434,2892,158.58,10,1.07,1.07,11.02%,11.05%
2023/11/2,149,149,145,145,145.9,143.55,143.63,N/A,N/A,151.53,143.63,135.72,72,189,165,0,109,0,0,0.15%,-13,56098,4,17,75.48%,1,94,1,0,0.13%,208,4,6,2,0,1.12%,140.51,140,0.93,14555,10934,3621,158.58,0,0,0,11.01%,11.03%
2023/11/3,146.5,146.5,144,144,145.2,144,143.8,N/A,N/A,151.57,143.8,136.03,41,122,144,0,109,0,0,0.15%,7,56104,9,2,75.49%,0,94,0,0,0.13%,218,10,11,1,0,1.17%,140.51,140,1.13,14624,10658,3966,158.58,0,0,0,10.81%,10.92%
2023/11/6,146,150,144,150,145.9,145.05,144.23,N/A,N/A,152.37,144.23,136.08,105,97,127,0,109,0,0,0.15%,14,56115,36,22,75.50%,0,94,0,0,0.13%,231,13,17,4,0,1.24%,140.51,140,0.46,15628,10632,4996,158.58,0,0,0,11.30%,11.11%
2023/11/7,151,153.5,147,150,147,146,144.63,N/A,N/A,153.07,144.63,136.18,224,114,145,0,109,0,0,0.15%,40,56155,68,28,75.55%,4,98,4,0,0.13%,234,3,10,7,0,1.26%,140.51,140,0.74,15981,10622,5359,158.58,0,0,0,11.68%,11.40%
2023/11/8,153.5,156.5,150.5,151.5,148.1,146.85,145.18,N/A,N/A,153.91,145.18,136.44,308,150,169,0,109,0,0,0.15%,-50,56115,47,97,75.50%,9,107,10,1,0.14%,305,71,82,11,0,1.64%,140.51,140,0.38,16160,10619,5541,158.58,0,0,0,12.03%,11.71%
2023/11/9,143,143.5,137,139,146.9,146.4,144.4,N/A,N/A,152.4,144.4,136.4,834,302,246,0,109,0,0,0.15%,-168,55949,125,293,75.28%,-5,102,1,6,0.14%,269,-36,57,93,0,1.45%,140.51,140,0.34,15688,10269,5419,158.58,0,0,0,11.09%,11.40%
2023/11/10,141,148,141,145,147.1,146.15,144.15,N/A,N/A,151.74,144.15,136.56,397,374,248,0,109,0,0,0.15%,85,56035,152,67,75.39%,2,105,4,1,0.14%,301,32,70,38,0,1.62%,140.51,140,0.24,15241,10427,4814,158.58,0,0,0,10.53%,10.96%
2023/11/13,144.5,145.5,141,141,145.3,145.6,143.88,N/A,N/A,151.5,143.88,136.25,232,399,248,-15,94,0,15,0.13%,-99,55939,16,115,75.26%,11,115,11,0,0.15%,326,25,44,17,2,1.75%,140.51,142.33,0.079,15104,10154,4950,158.57,-15,-0.75,-0.75,10.60%,10.78%
2023/11/14,142,142,138.5,140,143.3,145.15,143.7,N/A,N/A,151.51,143.7,135.89,195,393,254,0,94,0,0,0.13%,-52,55900,23,75,75.21%,0,115,1,1,0.15%,306,-20,9,21,8,1.65%,140.51,142.33,0.095,14604,10045,4559,158.57,-15,-0.76,-0.76,10.87%,10.83%
2023/11/15,141,148,140,145.5,142.1,145.1,144.03,N/A,N/A,151.56,144.03,136.49,377,407,279,-30,64,0,30,0.09%,104,56003,145,41,75.35%,22,137,22,0,0.18%,357,51,73,22,0,1.92%,140.51,143.59,-0.91,13707,9813,3894,158.58,-45,-2.21,-2.21,10.47%,10.65%
2023/11/16,145.5,150,145,147,143.7,145.3,144.43,N/A,N/A,151.7,144.43,137.15,215,283,293,0,64,0,0,0.09%,27,56030,62,35,75.39%,8,145,8,0,0.20%,371,14,39,25,0,2.00%,140.51,143.59,-0.066,14406,9819,4587,158.58,-45,-3.18,-3.18,10.07%,10.36%
2023/11/17,148.5,148.5,144.5,146.5,144,145.55,144.78,N/A,N/A,151.74,144.78,137.81,147,233,303,-30,34,0,30,0.05%,-28,56003,20,48,75.35%,0,145,0,0,0.20%,394,23,24,1,0,2.12%,142.36,144.41,-0.2,14979,9829,5150,158.59,-75,-6.43,-6.43,9.62%,9.99%
2023/11/20,145,145,143.5,144,144.6,144.95,145,N/A,N/A,151.54,145,138.46,128,212,306,-10,24,0,10,0.03%,8,56011,27,19,75.36%,1,146,1,0,0.20%,384,-10,20,30,0,2.07%,142.36,144.36,0.18,15614,9929,5685,158.58,-70,-6.59,-6.59,9.02%,9.51%
2023/11/21,145,149,144,148,146.2,144.75,145.38,N/A,N/A,151.7,145.38,139.05,179,209,301,-50,0,0,50,0.00%,31,56042,51,20,75.40%,38,184,38,0,0.25%,404,20,28,8,0,2.17%,142.36,144.98,-0.25,16559,9873,6686,146.07,-120,-11.47,-11.47,8.70%,9.10%
2023/11/22,147.5,162,147,158.5,148.8,145.45,146.15,N/A,N/A,154.57,146.15,137.73,1403,414,411,-20,0,0,20,0.00%,37,56088,236,199,75.46%,56,240,94,38,0.32%,646,242,298,55,1,3.48%,142.36,146.52,0.0076,17052,10032,7020,156.97,-110,-5.31,-5.31,11.52%,10.31%
2023/11/23,159,162.5,155.5,157,150.8,147.25,146.83,N/A,N/A,156.38,146.83,137.27,860,543,413,0,0,0,0,0.00%,-45,56043,175,220,75.40%,41,281,41,0,0.38%,673,27,126,99,0,3.62%,142.36,146.52,-0.0002,17609,10030,7579,158.24,-110,-4.05,-4.05,13.01%,11.66%
2023/11/24,157,161.5,156,156,152.7,148.35,147.25,N/A,N/A,157.61,147.25,136.89,596,633,433,0,0,0,0,0.00%,-93,55957,67,160,75.29%,42,323,42,0,0.43%,657,-16,56,72,0,3.54%,142.36,146.52,0.21,17725,10024,7701,159.2,-80,-2.53,-2.53,14.07%,12.86%
2023/11/27,156.5,157.5,148.5,149,153.7,149.15,147.38,N/A,N/A,157.75,147.38,137,261,660,436,0,0,0,0,0.00%,22,55991,51,29,75.33%,7,330,7,0,0.44%,594,-63,24,87,0,3.20%,142.36,146.52,-0.3,17515,10339,7176,151.65,-70,-2.12,-2.12,14.08%,13.47%
2023/11/28,151,156.5,150.5,154,154.9,150.55,147.85,N/A,N/A,158.52,147.85,137.18,320,688,449,0,0,0,0,0.00%,66,56057,95,29,75.42%,-14,316,1,15,0.43%,608,14,78,64,0,3.27%,142.36,146.52,0.075,17606,10070,7536,153.52,-20,-0.58,-0.58,14.44%,13.95%
2023/11/29,156.5,158.5,152,156,154.4,151.6,148.35,N/A,N/A,159.55,148.35,137.15,674,542,478,0,0,0,0,0.00%,65,56124,139,74,75.51%,70,386,100,30,0.52%,636,28,98,70,0,3.42%,142.36,146.52,0.45,18100,10370,7730,154.5,0,0,0,15.10%,14.53%
2023/11/30,157.5,158.5,154,155.5,154.1,152.45,148.88,N/A,N/A,160.38,148.88,137.37,394,449,496,0,0,0,0,0.00%,120,56244,144,24,75.67%,54,440,54,0,0.59%,572,-64,23,87,0,3.08%,142.36,146.52,0.027,19141,10340,8801,156.1,0,0,0,15.46%,14.99%
2023/12/1,155.5,159.5,154.5,157,154.3,153.5,149.53,N/A,N/A,161.32,149.53,137.73,316,393,513,0,0,0,0,0.00%,18,56255,71,53,75.69%,18,458,18,0,0.62%,626,54,75,21,0,3.37%,142.36,146.52,0.45,19168,10338,8830,157.32,0,0,0,15.78%,15.39%
2023/12/4,159,161.5,156.5,157,155.9,154.8,149.88,N/A,N/A,162.11,149.88,137.64,392,419,540,0,0,0,0,0.00%,-61,56192,61,122,75.60%,15,473,26,11,0.64%,656,30,96,66,0,3.53%,142.36,146.52,0.18,18627,10134,8493,158.8,0,0,0,16.33%,15.86%
2023/12/5,157,159,155,156.5,156.4,155.65,150.2,N/A,N/A,162.78,150.2,137.62,206,396,542,0,0,0,0,0.00%,25,56220,57,32,75.64%,1,474,1,0,0.64%,678,22,41,19,0,3.65%,142.36,146.52,0.015,18696,10147,8549,157.09,0,0,0,16.74%,16.30%
2023/12/6,156,158,152,153,155.8,155.1,150.28,N/A,N/A,162.9,150.28,137.65,407,343,443,0,0,0,0,0.00%,-66,56174,70,136,75.58%,76,551,77,1,0.74%,687,9,45,36,0,3.70%,142.36,146.52,1.46,17804,10140,7664,154.21,0,0,0,16.80%,16.55%
2023/12/7,153,155.5,153,154.5,155.6,154.85,151.05,N/A,N/A,162.67,151.05,139.43,120,288,369,0,0,0,0,0.00%,33,56223,71,38,75.65%,1,552,1,0,0.74%,682,-5,6,11,0,3.67%,142.36,146.52,0.33,17723,10300,7423,154.7,0,0,0,15.39%,15.97%
2023/12/8,156,157.5,151.5,151.5,154.5,154.4,151.38,N/A,N/A,162.66,151.38,140.09,206,266,330,0,0,0,0,0.00%,-39,56201,31,70,75.62%,-3,549,0,3,0.74%,683,1,15,13,1,3.68%,142.36,146.52,0.16,18394,10490,7904,153.76,0,0,0,14.91%,15.44%
2023/12/11,155.5,160,155,155,154.1,155,152.08,N/A,N/A,162.4,152.08,141.75,532,294,357,0,0,0,0,0.00%,140,56346,221,81,75.81%,0,549,0,0,0.74%,660,-23,54,77,0,3.55%,142.36,146.97,0.02,18857,10238,8619,157.15,0,0,0,13.57%,14.51%
2023/12/12,156.5,157,152.5,153,153.4,154.9,152.73,N/A,N/A,161.43,152.73,144.02,262,305,351,0,0,0,0,0.00%,-80,56257,32,112,75.69%,12,561,12,0,0.75%,648,-12,43,55,0,3.49%,142.36,146.97,0.89,18473,10232,8241,153.99,0,0,0,11.40%,12.96%
2023/12/13,153,153,149,150,152.8,154.3,152.95,N/A,N/A,161.12,152.95,144.78,309,286,314,0,0,0,0,0.00%,-98,56242,26,124,75.67%,28,589,30,2,0.79%,585,-63,11,74,0,3.15%,142.36,147.72,1.34,18410,9882,8528,150.85,0,0,0,10.68%,11.82%
2023/12/14,151.5,154.5,150.5,150.5,152,153.8,153.13,N/A,N/A,160.92,153.13,145.33,180,298,293,0,0,0,0,0.00%,32,56270,61,29,75.71%,2,591,5,3,0.80%,612,27,34,7,0,3.29%,142.36,147.72,1.15,18413,9611,8802,152.09,0,0,0,10.17%,11.00%
2023/12/15,151,152,150,150,151.7,153.1,153.3,N/A,N/A,160.63,153.3,145.97,83,273,270,0,0,0,0,0.00%,-15,56268,19,34,75.71%,0,591,0,0,0.80%,606,-6,5,11,0,3.26%,142.36,148.49,0.091,17221,9605,7616,150.91,0,0,0,9.56%,10.28%
2023/12/18,150.5,150.5,147,147.5,150.2,152.15,153.48,N/A,N/A,160.04,153.48,146.91,122,191,243,0,0,0,0,0.00%,-35,56255,11,46,75.69%,0,591,1,1,0.80%,599,-7,14,21,0,3.22%,142.36,149.14,0.044,17971,9606,8365,148.27,0,0,0,8.55%,9.41%
2023/12/19,147.5,147.5,143.5,144.5,148.5,150.95,153.3,N/A,N/A,160.58,153.3,146.02,169,173,239,0,0,0,0,0.00%,12,56283,46,34,75.73%,-10,581,0,10,0.78%,589,-10,9,19,0,3.17%,142.36,156.93,0.3,17658,9822,7836,145.07,0,0,0,9.50%,9.46%
2023/12/20,145.5,147,145,146.5,147.8,150.3,152.7,N/A,N/A,160.15,152.7,145.25,132,137,212,0,0,0,0,0.00%,12,56314,44,32,75.77%,17,598,18,1,0.80%,592,3,11,8,0,3.19%,142.36,156.93,-0.5,18005,10011,7994,146.35,0,0,0,9.75%,9.60%
2023/12/21,146.5,147,144.5,144.5,146.6,149.3,152.08,N/A,N/A,160.05,152.08,144.1,91,119,209,0,0,0,0,0.00%,-33,56288,6,39,75.73%,0,598,0,0,0.80%,616,24,27,1,2,3.32%,142.36,156.93,-0.31,18550,10229,8321,145.65,0,0,0,10.49%,10.05%
2023/12/22,146.5,148.5,145,146.5,145.9,148.8,151.6,N/A,N/A,159.72,151.6,143.48,134,130,201,0,0,0,0,0.00%,-19,56278,17,36,75.72%,3,602,3,0,0.81%,621,5,19,14,0,3.34%,142.36,156.93,0.95,18763,10229,8534,147.05,0,0,0,10.71%,10.38%
2023/12/25,145.5,145.5,143,143.5,145.1,147.65,151.33,N/A,N/A,160.12,151.33,142.53,208,147,169,0,0,0,0,0.00%,-73,56217,7,80,75.64%,-23,579,1,24,0.78%,637,16,23,7,0,3.43%,142.36,156.93,0.75,18883,10113,8770,143.87,0,0,0,11.62%,11.00%
2023/12/26,143,146.5,142.5,146.5,145.5,147,150.95,N/A,N/A,159.89,150.95,142.01,235,160,166,0,0,0,0,0.00%,-7,56218,57,64,75.64%,3,582,3,0,0.78%,689,52,55,3,0,3.71%,142.36,156.93,0.93,18853,10012,8841,145.3,0,0,0,11.85%,11.42%
2023/12/27,146.5,148.5,144.5,148,145.8,146.8,150.55,N/A,N/A,159.27,150.55,141.83,316,197,167,0,0,0,0,0.00%,-67,56327,46,113,75.79%,-3,579,2,5,0.78%,670,-19,40,59,0,3.61%,142.36,156.93,0.29,20133,10196,9937,146.36,0,0,0,11.58%,11.50%
2023/12/28,148,148,145,145,145.9,146.25,150.03,N/A,N/A,158.75,150.03,141.3,136,206,163,0,0,0,0,0.00%,-40,56287,14,54,75.73%,-3,576,0,3,0.78%,668,-2,15,17,0,3.60%,142.36,156.93,-0.43,21264,10996,10268,145.88,0,0,0,11.63%,11.57%
2023/12/29,145,145,143.5,144.5,145.5,145.7,149.4,N/A,N/A,157.82,149.4,140.98,81,195,162,0,0,0,0,0.00%,-18,56269,7,25,75.71%,2,578,4,2,0.78%,660,-8,5,13,0,3.55%,142.36,156.93,0.75,21445,11255,10190,144.38,0,0,0,11.28%,11.42%
2024/1/2,143.5,143.5,141.5,141.5,145.1,145.1,148.63,N/A,N/A,156.96,148.63,140.29,152,184,165,0,0,0,0,0.00%,-68,56204,4,72,75.62%,0,578,0,0,0.78%,654,-6,11,16,1,3.52%,142.36,156.93,0.11,21605,11576,10029,142.63,0,0,0,11.22%,11.32%
2024/1/3,142,142,137.5,139.5,143.7,144.6,147.78,N/A,N/A,156.19,147.78,139.36,352,207,184,0,0,0,0,0.00%,-47,56173,75,122,75.58%,-3,575,1,4,0.77%,656,2,12,10,0,3.53%,142.36,156.93,0.86,20764,11953,8811,139.48,0,0,0,11.39%,11.36%
2024/1/4,138.5,140.5,138.5,138.5,141.8,143.8,147.05,N/A,N/A,156.02,147.05,138.08,147,174,185,0,0,0,0,0.00%,-47,56139,18,65,75.53%,-8,567,0,8,0.76%,652,-4,1,5,0,3.51%,142.36,156.93,1.16,20484,11721,8763,139.4,0,0,0,12.20%,11.78%
2024/1/5,139,140,137.5,137.5,140.3,143.1,146.2,N/A,N/A,155.41,146.2,136.99,251,197,201,0,0,0,0,0.00%,-187,55952,24,211,75.28%,-4,564,1,5,0.76%,659,7,8,1,0,3.55%,142.36,156.93,1.52,19898,11397,8501,138.31,0,0,0,12.59%,12.19%
2024/1/8,138,140,137.5,139,139.2,142.35,145.58,N/A,N/A,154.95,145.58,136.2,106,202,198,0,0,0,0,0.00%,-11,55942,37,48,75.27%,0,564,1,1,0.76%,666,7,9,2,0,3.58%,142.36,156.93,0.92,20016,11296,8720,138.45,0,0,0,12.88%,12.53%
2024/1/9,140,141,138.5,139,138.7,141.9,144.78,159.95,N/A,153.51,144.78,136.04,133,198,191,20,20,20,0,0.03%,-20,55895,42,62,75.21%,0,563,0,0,0.76%,670,4,11,7,0,3.61%,139.24,156.93,1.22,20487,11292,9195,139.72,20,2.02,2.02,12.06%,12.30%
2024/1/10,147,152,144.5,146,140,141.85,144.43,159.67,N/A,152.33,144.43,136.52,1084,344,276,0,20,0,0,0.03%,-103,55794,154,257,75.07%,2,565,3,1,0.76%,783,113,165,52,0,4.21%,139.24,156.93,1.08,19390,10961,8429,139.7,20,1.16,1.16,10.95%,11.62%
2024/1/11,146,149.5,144,147,141.7,141.75,144.28,159.43,N/A,151.86,144.28,136.69,445,404,289,0,20,0,0,0.03%,127,55922,195,68,75.24%,-1,564,0,1,0.76%,705,-78,37,115,0,3.79%,139.24,156.93,0.56,20183,11102,9081,139.7,20,0.99,0.99,10.52%,11.07%
2024/1/12,147,147,144.5,145,143.2,141.75,144,159.09,N/A,151.04,144,136.96,101,374,285,0,20,0,0,0.03%,5,55921,23,18,75.24%,0,564,0,0,0.76%,706,1,6,5,0,3.80%,139.24,156.93,0.43,19763,11259,8504,139.7,20,1.07,1.07,9.78%,10.43%
2024/1/15,145.5,146,144.5,144.5,144.3,141.75,143.73,158.81,N/A,150.22,143.73,137.23,65,366,284,0,20,0,0,0.03%,-5,55881,16,21,75.19%,1,565,1,0,0.76%,700,-6,2,8,0,3.77%,139.24,156.93,0.89,18285,10825,7460,139.7,20,1.09,1.09,9.03%,9.73%
2024/1/16,144.5,146,144,144,145.3,142,143.55,158.52,N/A,149.81,143.55,137.29,78,355,276,0,20,0,0,0.03%,3,55883,32,29,75.19%,0,565,0,0,0.76%,704,4,7,3,0,3.79%,139.24,156.93,0.32,14649,10721,3928,139.7,0,0,0,8.72%,9.23%
2024/1/17,144,147,140,141,144.3,142.15,143.38,158.29,N/A,149.71,143.38,137.04,259,190,267,0,20,0,0,0.03%,-72,55813,98,170,75.09%,0,565,0,0,0.76%,709,5,17,12,0,3.82%,139.24,156.93,1.72,13684,10854,2830,139.7,0,0,0,8.84%,9.03%
2024/1/18,145.5,151,141.5,148.5,144.6,143.15,143.48,158.16,N/A,150.07,143.48,136.88,625,226,315,49,69,49,0,0.09%,123,55936,281,158,75.26%,0,565,0,0,0.76%,763,54,85,31,0,4.11%,145.07,156.93,1.02,13600,10450,3150,145.23,49,4.34,4.34,9.19%,9.11%
2024/1/19,150.5,150.5,147,147,145,144.1,143.6,157.96,N/A,150.36,143.6,136.84,299,265,320,50,119,50,0,0.16%,-68,55874,46,114,75.18%,1,566,1,0,0.76%,766,3,19,16,0,4.12%,146.49,156.93,0.75,13515,9824,3691,146.6,99,7.47,7.47,9.41%,9.26%
2024/1/22,152,159,152,156,147.3,145.8,144.08,157.81,N/A,152.67,144.08,135.48,1590,570,468,14,227,14,0,0.31%,583,56421,729,146,75.91%,10,576,12,2,0.78%,812,46,187,141,0,4.37%,147.46,156.93,-0.023,13744,9663,4081,147.17,113,3.96,3.96,11.93%,10.59%
2024/1/23,157,159.5,155.5,156,149.7,147.5,144.7,157.67,N/A,154.73,144.7,134.67,826,720,537,0,227,0,0,0.31%,303,56729,394,91,76.33%,25,602,26,1,0.81%,701,-111,40,151,0,3.77%,147.46,156.93,-0.22,13655,9760,3895,147.17,113,3.14,3.14,13.87%,12.23%
2024/1/24,157.5,159.5,155,155,152.5,148.4,145.13,157.56,N/A,156.1,145.13,134.15,601,788,489,0,227,0,0,0.31%,110,56839,191,81,76.48%,2,604,2,0,0.81%,698,-3,24,27,0,3.76%,147.46,156.93,-0.68,12987,9760,3227,147.17,113,2.87,2.87,15.13%,13.68%
2024/1/25,155.5,156,153,153,153.4,149,145.38,157.36,N/A,156.82,145.38,133.93,362,736,481,0,227,0,0,0.31%,106,56945,158,52,76.62%,-8,596,0,8,0.80%,687,-11,15,26,0,3.70%,147.46,156.93,-0.17,12782,9602,3180,147.17,64,1.74,1.74,15.75%,14.71%
2024/1/26,154,158,152.5,153,154.6,149.8,145.78,157.18,N/A,157.69,145.78,133.86,464,769,517,0,227,0,0,0.31%,31,56978,137,106,76.66%,37,633,37,0,0.85%,678,-9,42,51,0,3.65%,147.46,156.93,-0.24,12703,9602,3101,147.17,14,0.36,0.36,16.35%,15.53%
2024/1/29,153,156,152,152,153.8,150.55,146.15,156.95,N/A,158.35,146.15,133.95,250,501,535,0,227,0,0,0.31%,43,57021,78,35,76.72%,10,643,10,0,0.87%,681,3,37,34,0,3.67%,147.46,156.93,0.47,12222,9191,3031,147.17,0,0,0,16.69%,16.11%
2024/1/30,153.5,153.5,149.5,150.5,152.7,151.2,146.6,156.74,N/A,158.74,146.6,134.46,239,383,552,0,227,0,0,0.31%,31,56996,71,40,76.69%,0,643,2,2,0.87%,713,32,41,9,0,3.84%,147.46,156.93,-0.49,12328,9173,3155,147.17,0,0,0,16.57%,16.34%
2024/1/31,150,152,149.5,150.5,151.8,152.15,147.15,156.54,N/A,158.95,147.15,135.35,169,297,543,0,227,0,0,0.31%,41,57013,75,34,76.71%,0,643,0,0,0.87%,703,-10,7,7,10,3.78%,147.46,156.93,-0.5,12212,9343,2869,147.17,0,0,0,16.04%,16.19%
2024/2/1,151,155.5,151,154.5,152.1,152.75,147.95,156.31,N/A,159.46,147.95,136.44,271,279,507,0,227,0,0,0.31%,-29,56979,48,77,76.66%,-3,640,0,3,0.86%,759,56,72,16,0,4.09%,147.46,156.93,0.12,12331,9339,2992,147.17,0,0,0,15.56%,15.87%
2024/2/2,156,167.5,153.5,164.5,154.4,154.5,149.3,156.04,N/A,161.88,149.3,136.72,1707,527,648,105,332,105,0,0.45%,145,57133,399,254,76.87%,54,695,70,16,0.94%,1015,256,386,130,0,5.46%,154.59,156.93,0.054,12233,9176,3057,152.37,105,3.98,3.98,16.85%,16.36%
2024/2/5,166.5,172,163,163.5,156.7,155.25,150.53,155.67,N/A,163.61,150.53,137.44,1623,802,651,0,332,0,0,0.45%,-260,56882,302,562,76.53%,15,710,15,0,0.96%,1039,24,197,173,0,5.59%,154.59,156.93,-0.53,12462,9169,3293,152.37,105,2.62,2.62,17.39%,16.87%
2024/2/15,165,165.5,157.5,161.5,158.9,155.8,151.65,155.4,N/A,164.45,151.65,138.86,618,878,630,0,332,0,0,0.45%,38,56925,174,136,76.59%,12,722,13,1,0.97%,1076,37,98,61,0,5.79%,155.99,156.93,-0.18,12656,9110,3546,152.37,105,2.39,2.39,16.87%,16.87%
2024/2/16,161.5,171,160.5,170,162.8,157.3,152.85,155.21,N/A,167.65,152.85,138.05,1282,1100,699,0,332,0,0,0.45%,112,57033,370,258,76.74%,11,733,25,14,0.99%,1416,340,459,119,0,7.62%,155.99,156.93,-0.52,12500,8510,3990,152.37,105,1.91,1.91,19.36%,18.12%
2024/2/19,169,172,162.5,162.5,164.4,158.25,153.63,155.01,N/A,168.73,153.63,138.52,1007,1247,763,0,332,0,0,0.45%,-163,56882,154,317,76.53%,43,776,54,11,1.04%,1430,14,211,197,0,7.70%,155.99,156.93,-0.21,12652,8510,4142,152.37,105,1.68,1.68,19.67%,18.89%
2024/2/20,162.5,164.5,159.5,163,164.1,159.25,154.53,154.87,N/A,169.62,154.53,139.43,415,989,758,-94,238,0,94,0.32%,43,56780,101,58,76.40%,-4,772,5,9,1.04%,1452,22,53,31,0,7.82%,155.99,161.56,-0.32,12616,8403,4213,152.37,-94,-1.9,-1.9,19.53%,19.21%
2024/2/21,164,170,161,167,164.8,160.75,155.65,154.75,N/A,170.94,155.65,140.36,507,766,784,0,238,0,0,0.32%,-45,56732,88,133,76.33%,24,796,25,1,1.07%,1580,128,175,47,0,8.50%,155.99,161.56,-0.027,12662,8437,4225,152.37,-94,-2.45,-2.45,19.64%,19.43%
2024/2/22,164,168,163.5,166.5,165.8,162.35,156.78,154.66,N/A,171.78,156.78,141.77,386,719,799,0,238,0,0,0.32%,-36,56699,73,109,76.29%,-9,787,2,11,1.06%,1526,-54,43,97,0,8.21%,155.99,161.56,0.05,12712,8432,4280,152.37,-94,-2.61,-2.61,19.14%,19.28%
2024/2/23,166.5,170,164,164,164.6,163.7,157.93,154.49,N/A,171.36,157.93,144.49,439,551,826,0,238,0,0,0.32%,13,56700,79,66,76.29%,48,835,52,4,1.12%,1491,-35,75,110,0,8.03%,155.99,161.56,-0.3,13019,8245,4774,152.37,-94,-3.41,-3.41,17.01%,18.15%
2024/2/26,164,166,161,163,164.7,164.55,158.65,154.34,N/A,171.52,158.65,145.78,293,408,828,0,238,0,0,0.32%,-26,56663,47,73,76.24%,-27,808,22,49,1.09%,1476,-15,36,51,0,7.94%,158.47,161.56,-0.71,12462,8187,4275,152.37,-94,-4.61,-4.61,16.23%,17.19%
2024/2/27,163,165.5,158,158.5,163.8,163.95,159.23,154.19,N/A,170.94,159.23,147.51,420,409,699,0,238,0,0,0.32%,7,56673,100,93,76.25%,-35,773,5,40,1.04%,1451,-25,47,72,0,7.81%,162.68,161.56,-0.41,13653,8310,5343,152.37,0,0,0,14.72%,15.95%
2024/2/29,158.5,159.5,157.5,159,162.2,163.5,159.38,154.03,N/A,171,159.38,147.75,180,344,555,0,238,0,0,0.32%,-22,56652,23,45,76.22%,1,774,1,0,1.04%,1415,-36,16,52,0,7.62%,163.61,161.56,-0.18,13936,8204,5732,152.37,0,0,0,14.59%,15.27%
2024/3/1,162,163,156,156,160.1,162.95,159.38,153.89,N/A,171,159.38,147.75,523,371,545,0,238,0,0,0.32%,43,56671,143,100,76.25%,7,781,10,3,1.05%,1196,-219,39,258,0,6.44%,163.61,161.56,0.066,15550,8219,7331,152.37,0,0,0,14.59%,14.93%
2024/3/4,157,158,154.5,155,158.3,161.45,159.38,153.73,N/A,171,159.38,147.75,423,368,459,-34,204,0,34,0.27%,23,56694,106,83,76.28%,-2,780,2,4,1.05%,1061,-135,35,170,0,5.71%,163.61,160.02,1.34,14951,7941,7010,152.37,-34,-1.85,-1.85,14.59%,14.76%
2024/3/5,156,157,154,156,156.9,160.8,159.53,153.61,N/A,170.89,159.53,148.16,134,336,372,0,204,0,0,0.27%,-21,56670,31,52,76.25%,3,782,3,0,1.05%,1064,3,11,8,0,5.73%,163.61,160.02,0.57,14518,7832,6686,152.37,-34,-2.02,-2.02,14.25%,14.50%
2024/3/6,156,162,156,161.5,157.5,160.65,159.95,153.53,N/A,170.94,159.95,148.96,432,338,374,-32,172,0,32,0.23%,66,56733,147,81,76.33%,0,782,0,0,1.05%,1071,7,35,28,0,5.76%,163.61,159.98,0.57,13962,7773,6189,152.37,-66,-3.9,-3.9,13.74%,14.12%
2024/3/7,161.5,167,159,161,157.9,160.05,160.4,153.51,N/A,170.77,160.4,150.03,604,423,383,0,172,0,0,0.23%,39,56777,223,184,76.39%,-2,780,0,2,1.05%,1022,-49,47,96,0,5.50%,163.61,159.98,0.5,13647,7723,5924,152.37,-66,-3.12,-3.12,12.93%,13.52%
2024/3/8,164,165,154,156.5,158,159.05,160.7,153.43,N/A,170.22,160.7,151.18,550,429,400,0,172,0,0,0.23%,88,56894,235,147,76.55%,-1,779,3,4,1.05%,1009,-13,39,52,0,5.43%,163.61,159.98,0.043,12653,7811,4842,152.37,-66,-3.08,-3.08,11.84%,12.68%
2024/3/11,160,164,157.5,162.5,159.5,158.9,161.3,153.47,N/A,169.6,161.3,153,399,424,396,0,172,0,0,0.23%,200,57092,248,48,76.82%,-1,778,0,1,1.05%,977,-32,13,45,0,5.26%,163.61,159.98,0.36,12440,7878,4562,152.37,-32,-1.51,-1.51,10.30%,11.49%
2024/3/12,163,175,162.5,170.5,162.4,159.65,162.1,153.53,N/A,170.71,162.1,153.49,1602,717,527,9,181,9,0,0.24%,378,57485,612,234,77.34%,8,786,10,2,1.06%,1105,128,256,128,0,5.95%,164.11,159.98,0.16,12261,7717,4544,153.24,-23,-0.64,-0.64,10.62%,11.05%
2024/3/13,176.5,179,168,174,164.9,161.2,162.58,153.58,N/A,172.59,162.58,152.56,1769,985,662,0,181,0,0,0.24%,37,57559,464,427,77.44%,-2,784,27,29,1.05%,1354,249,435,186,0,7.29%,169.94,159.98,1.27,12275,7720,4555,153.24,9,0.18,0.18,12.32%,11.69%
2024/3/14,175,175.5,157,157,164.1,161,162.25,153.55,N/A,172.54,162.25,151.96,1938,1252,837,0,181,0,0,0.24%,-490,57163,217,707,76.91%,-242,542,20,262,0.73%,1280,-74,265,339,0,6.89%,169.94,159.98,0.44,12126,7723,4403,153.24,9,0.14,0.14,12.69%,12.19%
2024/3/15,155,156.5,145.5,147,162.2,160.1,161.53,153.48,159.39,173.78,161.53,149.27,1664,1474,952,0,181,0,0,0.24%,-448,56708,272,720,76.30%,63,605,98,35,0.81%,1195,-85,76,161,0,6.43%,169.94,159.98,0.45,11703,7884,3819,153.24,9,0.12,0.12,15.18%,13.68%
2024/3/18,145.5,149.5,145.5,148,159.3,159.4,160.43,153.36,159.16,173.37,160.43,147.48,345,1464,944,0,181,0,0,0.24%,-90,56638,58,148,76.20%,83,687,89,6,0.92%,1166,-29,13,37,5,6.28%,169.94,159.98,2.77,11707,7918,3789,153.24,9,0.12,0.12,16.14%,14.91%
2024/3/19,148,148.5,142,143,153.8,158.1,159.45,153.24,158.94,174.41,159.45,144.49,652,1274,996,0,181,0,0,0.24%,-150,56466,114,264,75.97%,34,722,42,8,0.97%,1162,-4,34,38,0,6.25%,169.94,159.98,5.42,12573,7774,4799,153.24,0,0,0,18.76%,16.84%
2024/3/20,141.5,145,141.5,143.5,147.7,156.3,158.48,153.12,158.65,174.85,158.48,142.1,401,1000,992,30,211,30,0,0.28%,-56,56424,164,220,75.92%,-4,718,4,8,0.97%,1160,-2,13,15,0,6.24%,149.76,157.71,3.24,12670,7807,4863,151.89,30,0.6,0.6,20.67%,18.75%
2024/3/21,145.5,146,143.5,145,145.3,154.7,157.38,153.02,158.43,174.26,157.38,140.49,281,669,960,0,211,0,0,0.28%,-137,56301,31,168,75.75%,-2,717,3,5,0.96%,1181,21,30,9,0,6.36%,149.76,157.71,2.3,12702,7705,4997,151.89,30,0.9,0.9,21.46%,20.11%
2024/3/22,146,147,144,145,144.9,153.55,156.3,152.94,158.19,173.46,156.3,139.14,220,380,927,0,211,0,0,0.28%,-8,56265,79,87,75.70%,-14,703,6,20,0.95%,1156,-25,7,32,0,6.22%,149.76,157.71,0.49,12852,7611,5241,151.89,30,1.58,1.58,21.96%,21.03%
2024/3/25,146,148.5,146,148,144.9,152.1,155.5,152.87,158.03,172.64,155.5,138.36,266,364,914,0,211,0,0,0.28%,-4,56201,44,48,75.62%,18,721,27,9,0.97%,1167,11,39,27,1,6.28%,149.76,157.71,0.54,12784,7608,5176,151.89,30,1.65,1.65,22.05%,21.54%
2024/3/26,148.5,149,143,148,145.9,149.85,154.75,152.77,157.91,171.83,154.75,137.67,415,317,795,70,281,70,0,0.38%,-64,56166,93,157,75.57%,11,732,28,17,0.98%,1140,-27,19,46,0,6.14%,147.56,157.71,0.9,12406,7814,4592,150.48,100,6.32,6.32,22.07%,21.81%
2024/3/27,148.5,152.5,147.5,148,146.8,147.25,154.23,152.63,157.75,171.45,154.23,137,421,321,660,0,281,0,0,0.38%,-50,56164,87,137,75.57%,-13,719,3,16,0.97%,1185,45,60,15,0,6.38%,147.56,157.71,2.38,12550,7708,4842,150.48,70,4.37,4.37,22.34%,22.07%
2024/3/28,148.5,148.5,143.5,145,146.8,146.05,153.53,152.44,157.59,171.06,153.53,135.99,324,329,499,0,281,0,0,0.38%,-53,56275,42,95,75.72%,1,720,6,5,0.97%,1210,25,32,7,0,6.51%,147.56,157.71,5.27,12578,7580,4998,150.48,70,4.25,4.25,22.84%,22.46%
2024/3/29,146,146,143.5,144.5,146.7,145.8,152.95,152.27,157.42,170.87,152.95,135.03,149,315,347,0,281,0,0,0.38%,1,56328,12,11,75.79%,-3,717,2,5,0.96%,1225,15,36,21,0,6.59%,147.56,157.71,12.45,13882,7563,6319,150.48,70,4.44,4.44,23.43%,22.94%
2024/4/1,145,147.5,145,147.5,146.6,145.75,152.58,152.13,157.29,170.62,152.58,134.53,126,287,326,0,281,0,0,0.38%,24,56329,31,7,75.79%,-1,716,3,4,0.96%,1220,-5,10,15,0,6.57%,147.56,159.79,0.5,14499,7589,6910,150.48,70,4.88,4.88,23.65%,23.30%
2024/4/2,149,149,147.5,147.5,146.5,146.2,152.15,151.98,157.11,170.25,152.15,134.05,125,229,273,0,281,0,0,0.38%,-54,56285,5,59,75.73%,10,726,13,3,0.98%,1216,-4,0,4,0,6.55%,147.56,159.79,1.03,15403,7449,7954,150.48,0,0,0,23.80%,23.55%
2024/4/3,147,147.5,145,145.5,146,146.4,151.35,151.83,156.93,169.14,151.35,133.56,113,167,244,0,281,0,0,0.38%,-29,56244,13,42,75.67%,-11,715,3,14,0.96%,1224,8,18,10,0,6.59%,147.56,159.79,0.6,15474,7744,7730,150.48,0,0,0,23.51%,23.53%
2024/4/8,146,148,146,146.5,146.3,146.55,150.63,151.66,156.71,167.96,150.63,133.29,100,123,226,0,281,0,0,0.38%,19,56265,42,23,75.70%,-1,714,0,1,0.96%,1212,-12,9,20,1,6.52%,147.56,159.79,0.57,15555,7553,8002,150.48,0,0,0,23.02%,23.27%
2024/4/9,147,148.5,146.5,147.5,146.9,146.8,150.18,151.46,156.52,167.34,150.18,133.01,129,119,217,0,281,0,0,0.38%,-12,56255,29,41,75.69%,1,715,1,0,0.96%,1220,8,15,7,0,6.57%,147.56,159.79,0.044,15608,7247,8361,150.48,0,0,0,22.86%,23.07%
2024/4/10,153,156.5,151,151.5,147.7,147.15,149.63,151.28,156.36,165.86,149.63,133.39,1009,295,291,0,281,0,0,0.38%,-53,56244,246,299,75.67%,51,765,61,10,1.03%,1272,52,129,77,0,6.85%,147.56,159.79,-0.21,15554,7248,8306,150.48,0,0,0,21.70%,22.38%
2024/4/11,151.5,153.5,148,152,148.6,147.55,148.7,151.09,156.16,161.89,148.7,135.51,418,354,291,0,281,0,0,0.38%,-66,56207,64,130,75.62%,-24,741,7,31,1.00%,1289,17,39,22,0,6.94%,145.54,159.79,-0.1,15920,7369,8551,150.48,0,0,0,17.74%,20.06%
2024/4/12,152.5,153,150.5,150.5,149.6,147.8,147.53,150.91,155.87,153.94,147.53,141.11,329,397,282,0,281,0,0,0.38%,-57,56167,25,82,75.57%,0,741,11,11,1.00%,1264,-25,18,43,0,6.80%,145.54,159.79,0.21,16074,7341,8733,150.48,0,0,0,8.70%,14.38%
2024/4/15,150,151,148.5,148.5,150,148.15,147.1,150.73,155.5,151.86,147.1,142.34,238,425,274,0,281,0,0,0.38%,52,56229,101,49,75.65%,-1,740,2,3,1.00%,1209,-55,11,66,0,6.51%,145.54,159.79,0.53,16344,7517,8827,150.48,0,0,0,6.47%,10.43%
2024/4/16,148,148,142.5,143,149.1,148,146.9,150.52,155.2,151.99,146.9,141.81,404,480,299,0,281,0,0,0.38%,-157,56106,33,190,75.49%,-3,737,22,25,0.99%,1197,-12,18,30,0,6.44%,145.54,159.79,0.34,17167,7961,9206,150.48,0,0,0,6.92%,8.67%
2024/4/17,143,145.5,143,144,147.6,147.65,146.7,150.34,154.94,151.91,146.7,141.49,119,302,298,0,281,0,0,0.38%,-42,56052,12,54,75.42%,-5,732,2,7,0.98%,1191,-6,9,15,0,6.41%,145.54,159.79,0.43,16880,7812,9068,150.48,0,0,0,7.10%,7.89%
2024/4/18,143,144.5,142,143.5,145.9,147.25,146.73,150.15,154.69,151.87,146.73,141.58,175,253,303,0,281,0,0,0.38%,30,56082,62,32,75.46%,1,733,2,1,0.99%,1172,-19,5,9,15,6.31%,145.54,159.79,0.28,16823,7709,9114,150.48,0,0,0,7.01%,7.45%
2024/4/19,142,142.5,137,139.5,143.7,146.65,146.53,149.95,154.48,152.41,146.53,140.64,406,268,333,0,281,0,0,0.38%,-104,56000,42,146,75.35%,-39,694,8,47,0.93%,1159,-13,12,25,0,6.24%,146.33,159.79,0.91,18038,8239,9799,150.48,0,0,0,8.03%,7.74%
2024/4/22,139.5,142,139,139,141.8,145.9,146.23,149.79,154.26,152.94,146.23,139.51,123,245,335,0,281,0,0,0.38%,4,56006,31,27,75.35%,-30,664,2,32,0.89%,1164,5,26,21,0,6.27%,146.33,159.79,1.16,18246,8082,10164,150.48,0,0,0,9.19%,8.47%
2024/4/23,140,140.5,138.5,138.5,140.9,145,145.9,149.66,154.06,153.41,145.9,138.39,143,193,336,0,281,0,0,0.38%,18,56025,36,18,75.38%,2,666,4,2,0.90%,1140,-24,3,27,0,6.14%,146.33,159.79,0.46,18626,7917,10709,150.48,0,0,0,10.29%,9.38%
2024/4/24,141,142.5,140.5,141.5,140.4,144,145.58,149.53,153.83,153.25,145.58,137.9,148,199,250,0,281,0,0,0.38%,31,56080,55,24,75.45%,2,668,4,2,0.90%,1128,-12,3,15,0,6.07%,146.33,159.79,0.3,18865,7489,11376,150.48,0,0,0,10.55%,9.96%
2024/4/25,144.5,144.5,142,143,140.3,143.1,145.33,149.41,153.62,153,145.33,137.66,134,191,222,0,281,0,0,0.38%,-33,56048,10,43,75.41%,-13,655,0,13,0.88%,1126,-2,7,9,0,6.06%,146.33,159.79,0.68,18952,7606,11346,150.48,0,0,0,10.56%,10.26%
2024/4/26,148,150.5,145,146,141.6,142.65,145.23,149.31,153.44,152.8,145.23,137.65,322,174,221,0,281,0,0,0.38%,-43,56027,64,107,75.38%,38,693,39,1,0.93%,1124,-2,36,38,0,6.05%,146.33,159.79,0.9,19549,7481,12068,150.48,0,0,0,10.44%,10.35%
2024/4/29,147.5,147.5,144,145.5,142.9,142.35,145.25,149.17,153.26,152.83,145.25,137.67,226,195,220,0,281,0,0,0.38%,-19,56011,26,45,75.36%,-51,642,1,52,0.86%,1141,17,28,11,0,6.14%,146.33,159.79,0.69,19757,7140,12617,150.48,0,0,0,10.44%,10.39%
2024/4/30,144.5,146.5,144.5,145,144.2,142.55,145.28,149.05,153.09,152.85,145.28,137.7,122,190,192,0,281,0,0,0.38%,14,56049,28,14,75.41%,0,642,2,2,0.86%,1127,-14,9,23,0,6.07%,146.33,159.79,0.46,19742,7052,12690,150.48,0,0,0,10.43%,10.41%
2024/5/2,145,146.5,144.5,145.5,145,142.7,145.18,148.92,152.92,152.68,145.18,137.67,61,173,186,0,281,0,0,0.38%,8,56052,26,18,75.42%,1,643,1,0,0.87%,1119,-8,1,9,0,6.02%,146.33,159.79,1.2,20155,7340,12815,150.48,0,0,0,10.34%,10.37%
2024/5/3,147.5,147.5,145.5,146.5,145.7,143,145.13,148.81,152.78,152.58,145.13,137.67,95,165,178,0,281,0,0,0.38%,-14,56034,4,18,75.39%,-5,638,2,7,0.86%,1124,5,9,4,0,6.05%,146.33,159.79,0.48,20371,7486,12885,150.48,0,0,0,10.27%,10.32%
2024/5/6,147,151.5,147,150.5,146.6,144.1,145.38,148.73,152.67,153.19,145.38,137.56,445,190,182,0,281,0,0,0.38%,33,56071,108,75,75.44%,6,644,16,10,0.87%,1148,24,86,62,0,6.18%,146.33,159.79,0.88,20414,7303,13111,150.48,0,0,0,10.75%,10.54%
2024/5/7,152,152,148.5,150,147.5,145.2,145.55,148.65,152.6,153.61,145.55,137.49,258,196,195,0,281,0,0,0.38%,39,56117,82,43,75.50%,-61,583,1,61,0.78%,1165,17,35,18,0,6.27%,146.33,159.79,0.98,20529,7159,13370,150.48,0,0,0,11.08%,10.81%
2024/5/8,150,153,149.5,151,148.7,146.45,145.73,148.55,152.52,154.09,145.73,137.36,157,203,197,0,281,0,0,0.38%,25,56134,59,34,75.53%,1,584,2,1,0.79%,1163,-2,5,3,4,6.26%,146.33,159.79,0.57,20669,7165,13504,150.48,0,0,0,11.49%,11.15%
2024/5/9,151,158,151,156.5,150.9,147.95,145.98,148.5,152.52,155.27,145.98,136.68,644,320,246,0,281,0,0,0.38%,200,56332,298,98,75.79%,-25,559,12,37,0.75%,1196,33,80,47,0,6.44%,146.33,159.79,0.61,20580,7286,13294,150.48,0,0,0,12.73%,11.94%
2024/5/10,172,172,170.5,172,156,150.85,146.98,148.55,152.58,161.49,146.98,132.46,2616,824,495,0,281,0,0,0.38%,274,56668,306,32,76.25%,8,567,28,20,0.76%,1269,73,306,233,0,6.83%,146.33,159.79,1.36,20569,7317,13252,150.48,0,0,0,19.75%,15.84%
2024/5/13,189,189,184.5,189,163.7,155.15,148.9,148.68,152.68,172.28,148.9,125.52,3245,1384,787,75,356,75,0,0.48%,993,57566,1120,127,77.45%,18,585,51,33,0.79%,1279,10,345,335,0,6.88%,188.71,159.79,0.7,20614,7127,13487,158.54,75,1.08,1.08,31.40%,23.62%
2024/5/14,192,207,190.5,204,174.5,161,151.68,148.9,152.86,185.18,151.68,118.17,5101,2353,1274,0,356,0,0,0.48%,1051,55414,1907,856,74.56%,16,601,52,36,0.81%,1271,-8,290,298,0,6.84%,188.71,159.79,0.58,19868,7214,12654,158.54,75,0.64,0.64,44.18%,33.90%
2024/5/15,206,221,206,211.5,186.6,167.65,155.1,149.16,153.06,197.25,155.1,112.95,3640,3049,1626,20,376,20,0,0.51%,296,55667,1360,1064,74.90%,-8,593,33,41,0.80%,1290,19,242,223,0,6.94%,194.19,159.79,0.19,19751,7210,12541,161.53,95,0.62,0.62,54.35%,44.13%
2024/5/16,217.5,217.5,207,217,198.7,174.8,158.75,149.45,153.26,208.4,158.75,109.1,1927,3306,1813,0,376,0,0,0.51%,421,55890,895,474,75.20%,-25,568,3,28,0.76%,1345,55,201,146,0,7.24%,194.19,159.79,-0.29,18644,7154,11490,161.53,95,0.57,0.57,62.55%,53.34%
2024/5/17,218.5,221,215,215,207.3,181.65,162.33,149.73,153.45,217.1,162.33,107.55,555,2894,1859,0,376,0,0,0.51%,-93,55710,66,159,74.96%,9,577,15,6,0.78%,1344,-1,63,59,5,7.23%,194.19,159.79,1.1,17914,7309,10605,161.53,95,0.66,0.66,67.49%,60.41%
2024/5/20,218.5,224,213,220.5,213.6,188.65,166.38,150.03,153.67,225.6,166.38,107.15,513,2347,1866,0,376,0,0,0.51%,67,55732,91,24,74.99%,5,582,22,17,0.78%,1399,55,109,54,0,7.53%,194.19,159.79,0.91,17485,7309,10176,161.53,20,0.17,0.17,71.19%,65.80%
2024/5/21,224.5,224.5,214,215,215.8,195.15,170.18,150.31,153.89,231.6,170.18,108.75,579,1443,1898,0,376,0,0,0.51%,-15,55717,104,119,74.97%,23,605,53,30,0.81%,1392,-7,98,105,0,7.49%,194.19,159.79,-0.29,17579,7312,10267,161.53,20,0.28,0.28,72.19%,68.99%
2024/5/22,216,216,207.5,208.5,215.2,200.9,173.68,150.57,154.08,235.45,173.68,111.9,493,813,1931,0,376,0,0,0.51%,-55,55662,56,111,74.89%,-9,596,5,14,0.80%,1482,90,123,33,0,7.98%,194.19,159.79,-0.17,18034,7143,10891,161.53,0,0,0,71.14%,70.07%
2024/5/23,207,214,207,212,214.2,206.45,177.2,150.84,154.29,239.28,177.2,115.12,354,499,1902,0,376,0,0,0.51%,74,55713,76,2,74.96%,-5,591,4,9,0.80%,1509,27,67,40,0,8.12%,194.19,159.79,0.11,17970,6998,10972,161.53,0,0,0,70.07%,70.07%
2024/5/24,213,217.5,210,215,214.2,210.75,180.8,151.13,154.49,242.88,180.8,118.72,234,435,1664,0,376,0,0,0.51%,36,55745,42,6,75.00%,-10,581,0,10,0.78%,1506,-3,46,49,0,8.11%,194.19,159.79,-0.34,17977,7068,10909,161.53,0,0,0,68.67%,69.37%
2024/5/27,217,217,208,217,213.5,213.55,184.35,151.42,154.65,246.18,184.35,122.52,346,401,1374,0,376,0,0,0.51%,62,55798,74,12,75.07%,-6,575,2,8,0.77%,1499,-7,57,64,0,8.07%,194.19,159.79,0.24,18147,7026,11121,161.53,0,0,0,67.08%,68.22%
2024/5/28,217,221,215.5,221,214.7,215.25,188.13,151.74,154.81,249.22,188.13,127.03,363,358,900,0,376,0,0,0.51%,16,55804,28,12,75.08%,0,575,0,0,0.77%,1558,59,102,43,0,8.39%,194.19,159.79,-0.53,18659,6813,11846,161.53,0,0,0,64.95%,66.59%
2024/5/29,220,228,217,228,218.6,216.9,192.28,152.1,155.02,252.36,192.28,132.19,482,356,585,0,376,0,0,0.51%,57,55861,86,29,75.16%,-1,574,3,4,0.77%,1601,43,133,90,0,8.62%,194.19,159.79,0.081,18430,6966,11464,161.53,0,0,0,62.50%,64.54%
2024/5/30,225,245,223,236,223.4,218.8,196.8,152.51,155.27,255.73,196.8,137.87,757,436,468,0,376,0,0,0.51%,-28,55833,23,51,75.12%,-12,562,9,21,0.76%,1703,102,240,138,0,9.17%,194.19,159.79,-0.052,18424,7344,11080,161.53,0,0,0,59.89%,62.22%
2024/5/31,231,231.5,212.5,212.5,222.9,218.55,200.1,152.81,155.42,254.62,200.1,145.58,1608,711,573,0,376,0,0,0.51%,-104,55729,200,304,74.98%,6,568,15,9,0.76%,1679,-24,224,248,0,9.04%,194.19,159.79,0.26,18557,7426,11131,161.53,0,0,0,54.49%,58.36%
2024/6/3,207.5,214,202,209,221.3,217.4,203.03,153.11,155.56,252.65,203.03,153.4,1453,933,667,0,376,0,0,0.51%,-45,55684,592,637,74.92%,37,605,44,7,0.81%,1696,17,84,67,0,9.13%,194.19,159.79,0.83,19562,7176,12386,161.53,0,0,0,48.88%,53.62%
2024/6/4,207,229.5,206,229.5,223,218.85,207,153.55,155.76,251.46,207,162.54,1734,1207,782,-117,259,0,117,0.35%,207,55848,512,305,75.14%,3,608,21,18,0.82%,1621,-75,154,229,0,8.72%,194.19,224.25,1.39,19556,7384,12172,161.53,-117,-1.94,-1.94,42.96%,48.29%
2024/6/5,228.5,230,214,219,221.2,219.9,210.4,153.94,155.89,246.9,210.4,173.9,1863,1483,919,0,259,0,0,0.35%,-354,55496,391,745,74.67%,-5,603,8,13,0.81%,1674,53,197,144,0,9.01%,194.19,224.25,1.4,19567,7328,12239,161.53,-117,-1.58,-1.58,34.70%,41.49%
2024/6/6,219,240.5,219,240.5,222.1,222.75,214.6,154.46,156.11,243.96,214.6,185.24,2841,1900,1168,-212,47,0,212,0.06%,424,55920,1002,578,75.24%,15,618,46,31,0.83%,1792,118,267,149,0,9.65%,194.19,232.43,1.26,19053,7067,11986,161.53,-329,-3.46,-3.46,27.36%,34.43%
2024/6/7,239,250.5,230,243,228.2,225.55,218.15,155.01,156.33,242.84,218.15,193.46,2297,2038,1374,0,47,0,0,0.06%,66,55986,774,708,75.33%,56,673,59,3,0.91%,1850,58,262,200,4,9.96%,194.19,232.43,0.69,18520,7071,11449,161.53,-329,-3.23,-3.23,22.64%,28.53%
2024/6/11,244,245.5,219,222,230.8,226.05,219.8,155.47,156.48,240.58,219.8,199.02,1840,2115,1524,0,47,0,0,0.06%,-22,55967,461,483,75.30%,45,719,64,19,0.97%,1740,-110,169,279,0,9.37%,214.76,232.43,0.99,18525,7000,11525,161.53,-329,-3.11,-3.11,18.91%,23.72%
2024/6/12,225,231.5,218.5,221.5,229.2,226.1,220.68,155.93,156.63,240.16,220.68,201.19,1080,1984,1596,-25,22,0,25,0.03%,194,56167,397,203,75.57%,-55,664,5,60,0.89%,1697,-43,114,157,0,9.13%,214.76,231.87,0.65,18847,6985,11862,161.54,-237,-2.39,-2.39,17.66%,20.69%
2024/6/13,223.5,229,215.5,226.5,230.7,225.95,221.43,156.43,156.81,240.59,221.43,202.26,1074,1826,1655,0,22,0,0,0.03%,187,56350,429,242,75.82%,9,673,17,8,0.91%,1708,11,86,75,0,9.19%,214.76,231.87,-0.0045,19048,6768,12280,161.54,-237,-2.6,-2.6,17.31%,19.00%
2024/6/14,230,243.5,228.5,234,229.4,225.75,222.28,156.9,157.03,242.08,222.28,202.47,1270,1512,1706,-25,0,0,25,0.00%,101,56453,358,257,75.96%,10,682,11,1,0.92%,1795,87,190,103,0,9.66%,214.76,232.09,0.086,19117,6668,12449,235.09,-50,-0.66,-0.66,17.82%,18.41%
2024/6/17,233,240.5,227,239,228.6,228.4,223.48,157.41,157.27,244.25,223.48,202.7,786,1210,1624,0,0,0,0,0.00%,4,56457,184,180,75.96%,8,690,14,6,0.93%,1832,37,109,72,0,9.86%,214.76,232.09,0.57,19094,6661,12433,234.8,-50,-0.83,-0.83,18.59%,18.50%
2024/6/18,244,253.5,238,243,232.8,231.8,224.6,157.95,157.54,246.98,224.6,202.22,1414,1125,1620,0,0,0,0,0.00%,-179,56234,324,503,75.66%,0,690,33,33,0.93%,1937,105,187,82,0,10.43%,214.76,232.09,0.57,19505,6574,12931,244.87,-50,-0.89,-0.89,19.93%,19.22%
2024/6/19,243,243,236,237,235.9,232.55,225.7,158.44,157.82,248.25,225.7,203.15,557,1020,1502,0,0,0,0,0.00%,-67,56168,89,156,75.57%,-5,685,5,10,0.92%,1919,-18,52,70,0,10.33%,214.76,232.09,0.54,19636,6298,13338,238.74,-25,-0.49,-0.49,19.98%,19.60%
2024/6/20,239,241,233,241,238.8,234.75,227.33,158.94,158.13,249.36,227.33,205.29,306,867,1347,0,0,0,0,0.00%,64,56232,111,47,75.66%,1,686,5,4,0.92%,1884,-35,32,67,0,10.14%,214.76,232.09,-0.27,20104,6174,13930,237.74,-25,-0.58,-0.58,19.39%,19.49%
2024/6/21,238.5,252,238,246.5,241.3,235.35,229.05,159.49,158.46,251.42,229.05,206.68,810,775,1143,0,0,0,0,0.00%,70,56284,336,266,75.73%,5,690,17,12,0.93%,1916,32,91,59,0,10.31%,214.76,232.09,-0.16,19453,6230,13223,246.93,0,0,0,19.53%,19.51%
2024/6/24,243,261,243,250,243.5,236.05,230.8,160.04,158.81,253.96,230.8,207.64,1069,831,1021,0,0,0,0,0.00%,-73,56211,266,339,75.63%,3,694,24,21,0.93%,2014,98,161,63,0,10.84%,214.76,232.09,1.41,19573,6591,12982,253.18,0,0,0,20.07%,19.79%
2024/6/25,247.5,248,234,241.5,243.2,238,232.03,160.56,159.12,254.72,232.03,209.33,975,743,934,-20,0,0,20,0.00%,22,56234,297,275,75.66%,-28,665,11,39,0.89%,1983,-31,112,143,0,10.67%,214.76,232.44,0.66,19950,6585,13365,239.21,-20,-0.54,-0.54,19.56%,19.68%
2024/6/26,242.5,252.5,240,245,244.8,240.35,233.23,161.07,159.42,256,233.23,210.45,574,747,884,0,0,0,0,0.00%,164,56398,238,74,75.88%,4,670,14,10,0.90%,1953,-30,35,65,0,10.51%,214.76,232.44,1.13,20597,6497,14100,246.22,-20,-0.54,-0.54,19.53%,19.60%
2024/6/27,246,248,240.5,244.5,245.5,242.15,234.05,161.59,159.73,257.2,234.05,210.9,570,800,833,0,0,0,0,0.00%,-45,56345,217,262,75.81%,-5,665,9,14,0.89%,1913,-40,30,70,0,10.30%,214.76,232.44,0.56,20693,6501,14192,243.92,-20,-0.5,-0.5,19.78%,19.69%
2024/6/28,245,248,236.5,239.5,244.1,242.7,234.23,162.08,160.01,257.49,234.23,210.96,501,738,756,0,0,0,0,0.00%,25,56373,136,111,75.85%,-1,664,8,9,0.89%,1841,-72,38,110,0,9.91%,214.76,232.44,-0.057,21735,6409,15326,241.66,-20,-0.54,-0.54,19.86%,19.78%
2024/7/1,243,253,241.5,249.5,244,243.75,236.08,162.63,160.35,257.98,236.08,214.17,1169,758,795,0,0,0,0,0.00%,312,56685,783,471,76.27%,-4,659,2,6,0.89%,1764,-77,39,116,0,9.49%,214.76,232.44,0.59,22494,6409,16085,249.65,-20,-0.53,-0.53,18.55%,19.17%
2024/7/2,250,251.5,244.5,249.5,245.6,244.4,238.1,163.15,160.7,256.88,238.1,219.32,489,661,702,0,0,0,0,0.00%,-4,56676,231,235,76.26%,-2,657,0,2,0.88%,1803,39,87,48,0,9.70%,214.76,232.44,1.22,22652,6531,16121,248.4,0,0,0,15.77%,17.47%
2024/7/3,255,255,245,245,245.6,245.2,238.88,163.66,161.03,257.45,238.88,220.3,399,626,686,0,0,0,0,0.00%,-131,56538,80,211,76.07%,2,660,4,2,0.89%,1855,52,104,52,0,9.98%,214.76,235.84,1,24097,6332,17765,247.72,0,0,0,15.55%,16.51%
2024/7/4,246,250,231.5,249,246.5,246,240.38,164.19,161.36,257.03,240.38,223.72,989,709,755,0,0,0,0,0.00%,150,56688,368,218,76.27%,4,663,7,3,0.89%,1782,-73,68,140,1,9.59%,214.76,235.84,0.39,24702,6013,18689,242,0,0,0,13.86%,15.18%
2024/7/5,252,265,250,253,249.2,246.65,241,164.74,161.72,258.54,241,223.46,1022,814,776,-25,0,0,25,0.00%,157,56845,348,191,76.48%,28,691,39,11,0.93%,1741,-41,132,174,0,9.37%,214.76,239.03,0.32,25173,6014,19159,257.32,-25,-0.61,-0.61,14.56%,14.87%
2024/7/8,253,253,231.5,237,246.7,245.35,240.7,165.21,162.03,258.3,240.7,223.1,1046,789,773,0,0,0,0,0.00%,-223,56622,177,400,76.18%,-42,649,12,54,0.87%,1847,106,211,104,0,9.94%,214.76,239.03,0.24,25670,5807,19863,240.13,-25,-0.63,-0.63,14.63%,14.75%
2024/7/9,242,242,227,235,243.8,244.7,241.35,165.66,162.33,256.99,241.35,225.71,628,817,739,0,0,0,0,0.00%,195,56817,315,120,76.45%,-5,644,1,6,0.87%,1752,-95,34,129,0,9.43%,214.76,239.03,0.8,27226,5796,21430,232.49,-25,-0.61,-0.61,12.96%,13.86%
2024/7/10,242,250,235.5,236.5,242.1,243.85,242.1,166.09,162.64,255.08,242.1,229.12,996,936,781,0,0,0,0,0.00%,135,56952,395,260,76.63%,0,643,3,3,0.87%,1683,-69,49,118,0,9.06%,214.76,244.23,0.45,27760,5793,21967,243.75,-25,-0.53,-0.53,10.72%,12.29%
2024/7/11,236,244,234.5,235,239.3,242.9,242.53,166.51,162.96,253.89,242.53,231.17,843,907,808,0,0,0,0,0.00%,9,56961,288,279,76.64%,-4,639,8,12,0.86%,1666,-17,94,111,0,8.97%,214.76,244.23,0.33,28304,5623,22681,238.58,-25,-0.55,-0.55,9.37%,10.83%
2024/7/12,235,236,227,236,235.9,242.55,242.63,166.91,163.28,253.72,242.63,231.54,387,780,797,0,0,0,0,0.00%,-5,56956,125,130,76.63%,-2,638,4,6,0.86%,1681,15,39,22,2,9.05%,214.76,249.3,1.06,28809,5919,22890,233.67,0,0,0,9.14%,9.98%
2024/7/15,235.5,239.5,232,232,234.9,240.8,242.28,167.29,163.59,254.21,242.28,230.34,298,630,710,0,0,0,0,0.00%,-35,56913,47,82,76.58%,-5,633,9,14,0.85%,1734,53,71,18,0,9.33%,214.76,249.3,1.12,26713,5918,20795,235.83,0,0,0,9.85%,9.92%
2024/7/16,233,248,233,239.5,235.8,239.8,242.1,167.72,163.91,254.09,242.1,230.11,968,698,758,0,0,0,0,0.00%,295,57208,439,144,76.97%,6,639,11,5,0.86%,1676,-58,42,100,0,9.02%,214.76,249.3,1.34,27054,5838,21216,240.73,0,0,0,9.90%,9.91%
2024/7/17,242,242,231,237,235.9,239,242.1,168.16,164.24,254.09,242.1,230.11,688,637,787,0,0,0,0,0.00%,-158,57047,170,328,76.76%,-12,627,4,16,0.84%,1732,56,99,43,0,9.32%,214.76,249.3,0.69,26862,5959,20903,235.09,0,0,0,9.90%,9.91%
2024/7/18,234.5,235.5,230,234,235.7,237.5,241.75,168.6,164.56,254.25,241.75,229.25,395,547,727,50,50,50,0,0.07%,-42,57004,93,135,76.70%,-4,623,1,5,0.84%,1740,8,35,27,0,9.37%,232.45,249.3,1.44,27606,6088,21518,232.74,50,1.83,1.83,10.34%,10.12%
2024/7/19,233,240,230,230,234.5,235.2,240.93,169.04,164.87,254.21,240.93,227.64,426,555,668,0,50,0,0,0.07%,-32,56975,111,143,76.66%,-5,618,1,6,0.83%,1729,-11,32,43,0,9.31%,232.45,249.3,1.16,27901,6321,21580,232.74,50,1.8,1.8,11.03%,10.58%
2024/7/22,228,228.5,219,222,232.5,233.7,239.53,169.43,165.13,254.49,239.53,224.56,561,608,619,0,50,0,0,0.07%,82,57059,223,141,76.77%,-30,588,6,36,0.79%,1659,-70,48,118,0,8.93%,232.45,249.3,1.41,28235,6538,21697,232.74,50,1.65,1.65,12.49%,11.53%
2024/7/23,225,227.5,223,227.5,230.1,232.95,238.83,169.87,165.42,254.64,238.83,223.01,177,449,574,0,50,0,0,0.07%,-6,56950,56,62,76.62%,-2,586,0,2,0.79%,1670,11,32,21,0,8.99%,232.45,257.37,1.95,28590,6120,22470,232.74,50,2.23,2.23,13.24%,12.39%
2024/7/26,217,226,216,219,226.5,231.2,237.53,170.27,165.68,255.25,237.53,219.8,299,372,504,0,50,0,0,0.07%,-58,56876,70,128,76.53%,-28,558,1,29,0.75%,1687,17,46,29,0,9.08%,232.45,257.37,1.71,29366,6514,22852,229.74,50,2.69,2.69,14.93%,13.66%
2024/7/29,222,222.5,210.5,210.5,221.8,228.75,235.83,170.64,165.9,256.78,235.83,214.87,344,361,454,-1,49,0,1,0.07%,30,56906,111,81,76.57%,-8,550,0,8,0.74%,1609,-78,46,103,21,8.66%,232.45,255.72,1.17,29165,6371,22794,229.74,-1,-0.055,-0.055,17.77%,15.71%
2024/7/30,211.5,214.5,208,214,218.6,226.55,234.55,171,166.16,257.46,234.55,211.64,174,311,433,0,49,0,0,0.07%,-3,56903,63,66,76.56%,-11,539,0,11,0.73%,1608,-1,23,24,0,8.65%,232.45,255.72,2.16,29249,6313,22936,229.74,-1,-0.064,-0.064,19.54%,17.63%
2024/7/31,214,224,214,220.5,218.3,225.4,233.1,171.38,166.44,255.72,233.1,210.48,234,246,427,0,49,0,0,0.07%,-45,56858,62,107,76.50%,0,539,0,0,0.73%,1621,13,31,18,0,8.72%,232.45,255.72,1.53,29258,6309,22949,229.74,-1,-0.081,-0.081,19.40%,18.51%
2024/8/1,225,242.5,223.5,241.5,221.1,225.6,232.7,171.88,166.82,254.41,232.7,210.99,1280,466,458,0,49,0,0,0.07%,389,57247,626,237,77.02%,10,549,10,0,0.74%,1632,11,173,162,0,8.78%,232.45,255.72,1.45,30787,6051,24736,229.74,-1,-0.043,-0.043,18.66%,18.58%
2024/8/2,235,241.5,226,226,222.5,224.5,231.75,172.31,167.18,252.87,231.75,210.63,919,590,481,0,49,0,0,0.07%,13,57260,299,286,77.04%,-52,498,4,56,0.67%,1562,-70,130,195,5,8.41%,232.45,255.72,1.86,30550,6634,23916,229.74,-1,-0.034,-0.034,18.23%,18.41%
2024/8/5,214.5,219.5,203.5,203.5,221.1,221.45,229.48,172.62,167.44,252.4,229.48,206.55,662,654,508,0,49,0,0,0.07%,-167,57094,46,213,76.82%,-55,443,3,58,0.60%,1581,19,98,78,1,8.51%,232.45,255.72,2.44,31151,7852,23299,229.74,0,0,0,19.98%,19.19%
2024/8/6,206,208,183.5,193,216.9,217.75,226.48,172.87,167.68,251.87,226.48,201.08,1704,960,635,-325,0,0,325,0.00%,96,57190,605,509,76.95%,-255,187,9,264,0.25%,1599,18,176,157,1,8.61%,232.45,190.66,1.74,33294,8054,25240,190.56,-325,-6.77,-6.77,22.43%,20.81%
2024/8/7,193.5,211.5,193.5,206.5,214.1,216.2,224.95,173.2,167.98,251.28,224.95,198.62,706,1054,650,-258,0,0,258,0.00%,159,57349,334,175,77.16%,40,227,44,4,0.31%,1601,2,57,55,0,8.62%,232.45,197.11,2.03,34251,7412,26839,205.17,-583,-11.06,-11.06,23.41%,22.11%
2024/8/8,200,201,188,190,203.8,212.45,222.7,173.38,168.23,252.65,222.7,192.75,1217,1042,754,0,0,0,0,0.00%,-161,57188,447,608,76.95%,-71,156,9,80,0.21%,1595,-6,80,86,0,8.58%,232.45,197.11,1.63,34459,7751,26708,193.18,-583,-11.19,-11.19,26.90%,24.51%
2024/8/9,195.5,197.5,190,192,197,209.75,220.48,173.59,168.49,252.54,220.48,188.42,504,959,774,0,0,0,0,0.00%,-67,57122,203,270,76.86%,-5,151,2,7,0.20%,1579,-16,41,57,0,8.50%,232.45,197.11,0.87,35696,7722,27974,193.78,-583,-12.16,-12.16,29.08%,26.79%
2024/8/12,175.5,195,175.5,192,194.7,207.9,218.33,173.82,168.76,251.93,218.33,184.72,2760,1378,1016,122,122,122,0,0.16%,769,57887,1516,747,77.89%,31,181,41,10,0.24%,1685,106,200,93,1,9.07%,197.95,197.11,1.66,36161,8155,28006,183.83,-461,-6.69,-6.69,30.78%,28.79%
2024/8/13,193.5,201.5,192,198,195.7,206.3,216.43,174.09,169,250.12,216.43,182.73,937,1225,1092,0,122,0,0,0.16%,-65,57822,309,374,77.80%,-1,180,8,9,0.24%,1766,81,168,87,0,9.51%,197.95,197.11,1.3,36123,7675,28448,183.83,-136,-2.22,-2.22,31.13%,29.96%
2024/8/14,197.5,203,194.5,195.5,193.5,203.8,214.6,174.37,169.24,248.67,214.6,180.53,527,1189,1122,0,122,0,0,0.16%,20,57796,184,164,77.76%,3,183,5,2,0.25%,1700,-66,71,137,0,9.15%,197.95,197.11,1.28,36725,8275,28450,183.83,122,2.05,2.05,31.75%,30.86%
2024/8/15,201,201,192.5,192.5,194,198.9,212.25,174.64,169.48,245.6,212.25,178.9,367,1019,1030,0,122,0,0,0.16%,57,57853,155,98,77.84%,3,186,6,3,0.25%,1680,-20,22,42,0,9.04%,197.95,197.11,-0.4,35495,8575,26920,183.83,122,2.39,2.39,31.43%,31.14%
2024/8/16,197,198,193.5,193.5,194.3,195.65,210.08,174.91,169.71,242.34,210.08,177.81,512,1021,990,25,147,25,0,0.20%,62,57915,289,227,77.92%,-9,177,5,14,0.24%,1676,-4,34,38,0,9.02%,197.63,197.11,1.11,35337,7862,27475,185.78,147,2.88,2.88,30.72%,30.93%
2024/8/19,195.5,210,193.5,205,196.9,195.8,208.63,175.24,169.98,239.01,208.63,178.24,922,653,1016,38,185,38,0,0.25%,2,57917,300,298,77.93%,14,191,17,3,0.26%,1779,103,204,101,0,9.58%,189.71,197.11,0.73,35132,7560,27572,189.69,63,1.93,1.93,29.13%,30.03%
2024/8/20,208,212,203.5,207.5,198.8,197.25,207.5,175.57,170.28,236.26,207.5,178.74,647,595,910,0,185,0,0,0.25%,-3,57914,259,262,77.92%,-18,173,3,21,0.23%,1712,-67,92,82,77,9.21%,189.71,197.11,0.63,35378,7929,27449,189.69,63,2.12,2.12,27.72%,28.88%
2024/8/21,207.5,210.5,203,209.5,201.6,197.55,206.88,175.91,170.57,234.88,206.88,178.87,376,565,877,0,185,0,0,0.25%,-30,57890,128,158,77.89%,-1,172,1,2,0.23%,1758,46,94,48,0,9.46%,189.71,197.11,0.2,35021,8485,26536,189.69,63,2.23,2.23,27.08%,27.98%
2024/8/22,210,220,206,215,206.1,200.05,206.25,176.26,170.89,232.92,206.25,179.58,618,615,817,0,185,0,0,0.25%,-35,57855,167,202,77.84%,-2,170,1,3,0.23%,1839,81,184,103,0,9.90%,189.71,197.11,0.53,35053,8957,26096,189.69,63,2.05,2.05,25.86%,26.92%
2024/8/23,213.5,217,207,212.5,209.9,202.1,205.93,176.59,171.18,232.12,205.93,179.73,599,632,827,0,185,0,0,0.25%,-61,57794,208,269,77.76%,3,173,3,0,0.23%,1840,1,76,75,0,9.90%,189.71,197.11,0.88,35062,8859,26203,189.69,38,1.2,1.2,25.44%,26.18%
2024/8/26,217,227.5,215,220.5,213,204.95,206.43,176.96,171.51,233.32,206.43,179.53,1069,662,657,50,235,50,0,0.32%,-21,57777,369,390,77.74%,23,196,27,4,0.26%,1870,30,144,114,0,10.07%,196.76,197.08,0.45,35940,9148,26792,196.75,50,1.51,1.51,26.06%,26.12%
2024/8/27,226,229,221.5,228,217.1,207.95,207.13,177.38,171.88,235.46,207.13,178.79,1202,773,684,62,297,62,0,0.40%,-151,57626,407,558,77.53%,12,207,30,18,0.28%,1859,-11,155,101,65,10.01%,203.03,197.08,1.14,34902,8623,26279,203.02,112,2.9,2.9,27.36%,26.74%
2024/8/28,232,238,229,234,222,211.8,207.8,177.82,172.26,237.96,207.8,177.64,979,893,729,0,297,0,0,0.40%,-129,57502,292,421,77.37%,14,222,23,9,0.30%,1878,19,129,109,1,10.11%,203.03,197.08,0.44,35315,8420,26895,203.02,112,2.51,2.51,29.03%,27.88%
2024/8/29,228.5,248,228.5,237.5,226.5,216.3,207.6,178.28,172.65,236.91,207.6,178.29,1544,1079,847,0,297,0,0,0.40%,143,57664,523,380,77.59%,25,246,39,14,0.33%,1965,87,264,176,1,10.58%,203.03,197.08,0.74,33940,8224,25716,203.02,112,2.08,2.08,28.23%,28.06%
2024/8/30,242.5,258.5,236,254.5,234.9,222.4,209.03,178.83,173.11,244,209.03,174.05,2573,1473,1053,0,297,0,0,0.40%,358,58022,907,549,78.07%,3,250,30,27,0.34%,2082,117,511,394,0,11.21%,203.03,197.08,0.83,33911,8110,25801,203.02,112,1.52,1.52,33.46%,30.76%
2024/9/2,256,273.5,248,267,244.2,228.6,212.2,179.42,173.63,255.2,212.2,169.2,2382,1736,1199,0,297,0,0,0.40%,-29,58001,609,638,78.04%,-4,245,31,35,0.33%,2133,51,332,281,0,11.48%,203.03,197.08,1.13,33326,8179,25147,203.02,62,0.71,0.71,40.52%,35.64%
2024/9/3,267.5,268.5,255,261,250.8,233.95,215.6,179.97,174.12,262.56,215.6,168.64,1357,1767,1270,0,297,0,0,0.40%,208,58190,475,267,78.29%,-36,209,1,37,0.28%,1964,-169,101,270,0,10.57%,203.03,205.27,1.63,32023,7944,24079,203.02,0,0,0,43.56%,39.60%
2024/9/4,244,262.5,241,248,253.6,237.8,217.68,180.45,174.56,266.47,217.68,168.88,1367,1845,1369,0,297,0,0,0.40%,30,58219,441,411,78.33%,-11,198,13,24,0.27%,1898,-66,112,178,0,10.22%,203.03,205.27,2.02,31222,8796,22426,203.02,0,0,0,44.84%,42.22%
2024/9/5,252,254,243.5,249,255.9,241.2,220.63,181,174.99,269.51,220.63,171.74,650,1666,1372,0,297,0,0,0.40%,-9,58201,174,183,78.31%,-12,186,4,16,0.25%,1844,-54,59,113,0,9.93%,203.03,205.27,1.95,31225,8745,22480,203.02,0,0,0,44.31%,43.26%
2024/9/6,251.5,251.5,242.5,242.5,253.5,244.2,223.15,181.49,175.38,271.06,223.15,175.24,454,1242,1358,0,297,0,0,0.40%,67,58265,169,102,78.39%,-2,184,2,4,0.25%,1739,-105,23,128,0,9.36%,203.03,205.27,1.89,32025,8884,23141,203.02,0,0,0,42.94%,43.10%
2024/9/9,236,261,236,258,251.7,247.95,226.45,182.08,175.82,274.42,226.45,178.48,1408,1047,1392,0,297,0,0,0.40%,108,58373,582,474,78.54%,14,198,21,8,0.27%,1748,9,141,132,0,9.41%,216.43,205.27,2.26,32120,8815,23305,203.02,0,0,0,42.37%,42.73%
2024/9/10,258,264,242.5,245,248.5,249.65,228.8,182.6,176.19,275.55,228.8,182.05,1204,1017,1392,0,297,0,0,0.40%,-66,58307,305,371,78.45%,-16,182,8,24,0.24%,1783,35,202,167,0,9.60%,216.43,205.27,0.8,32506,8506,24000,203.02,0,0,0,40.87%,41.80%
2024/9/11,248.5,256,244,253,249.5,251.55,231.68,183.14,176.6,276.93,231.68,186.42,679,879,1362,0,297,0,0,0.40%,5,58276,193,188,78.41%,1,183,9,8,0.25%,1822,39,93,54,0,9.81%,216.43,205.27,2.34,32713,8359,24354,203.02,0,0,0,39.07%,40.44%
2024/9/12,256.5,259,252,254.5,250.6,253.25,234.78,183.68,177.01,277.28,234.78,192.27,528,855,1260,0,297,0,0,0.40%,-15,58267,134,149,78.40%,2,186,7,5,0.25%,1810,-12,102,114,0,9.74%,216.43,205.27,1.18,32785,8179,24606,203.02,0,0,0,36.21%,38.32%
2024/9/13,254.5,266.5,254.5,260,254.1,253.8,238.1,184.24,177.48,277.46,238.1,198.74,1210,1006,1124,60,357,60,0,0.48%,-70,58208,321,391,78.32%,15,200,19,4,0.27%,1829,19,193,174,0,9.84%,231.88,205.27,1.41,32814,8117,24697,212.87,60,1.19,1.19,33.06%,35.69%
2024/9/16,264,285.5,264,274,257.3,254.5,241.55,184.89,178.01,280.8,241.55,202.3,2388,1202,1125,0,357,0,0,0.48%,-198,58035,600,798,78.08%,41,241,52,11,0.32%,1970,141,394,253,0,10.60%,237.84,205.27,0.47,32393,7991,24402,212.87,60,1,1,32.50%,34.09%
2024/9/18,272,295.5,272,272.5,262.8,255.65,244.8,185.52,178.56,282.98,244.8,206.62,2355,1432,1224,-18,339,0,18,0.46%,-229,57806,534,763,77.78%,-46,196,14,60,0.26%,2006,36,369,333,0,10.80%,237.84,280.89,1.06,32809,7978,24831,212.87,42,0.59,0.59,31.19%,32.64%
2024/9/19,279.5,299.5,275,299.5,272.1,260.8,249.3,186.22,179.21,290.85,249.3,207.75,2495,1795,1337,0,339,0,0,0.46%,71,57880,571,500,77.88%,7,203,15,8,0.27%,1960,-46,246,287,5,10.55%,237.84,280.89,0.59,33661,7413,26248,212.87,42,0.47,0.47,33.33%,32.99%
2024/9/20,305.5,323,284,285,278.2,264.4,252.8,186.86,179.81,293.99,252.8,211.61,6301,2950,1902,0,339,0,0,0.46%,-115,57767,1870,1985,77.72%,38,241,102,65,0.32%,2119,159,637,478,0,11.41%,237.84,280.89,0.61,32717,7150,25567,212.87,42,0.28,0.28,32.59%,32.79%
2024/9/23,288,292.5,282,287,283.6,268.85,256.53,187.52,180.43,295.9,256.53,217.15,1356,2979,1992,0,339,0,0,0.46%,-18,57739,409,427,77.69%,15,256,22,7,0.34%,2143,24,191,167,0,11.53%,237.84,280.89,0.94,32610,7086,25524,212.87,-18,-0.12,-0.12,30.70%,31.74%
2024/9/24,287,296,280.5,295.5,287.9,272.6,260.28,188.25,181.09,299.5,260.28,221.05,1894,2880,2041,-1,338,0,1,0.45%,-55,57673,484,539,77.60%,12,268,23,11,0.36%,2192,49,267,218,0,11.80%,243.99,281.35,-0.12,32005,6724,25281,212.87,-19,-0.13,-0.13,30.14%,30.94%
2024/9/25,299,299,288.5,293.5,292.1,277.45,263.55,188.95,181.73,302.38,263.55,224.72,1173,2644,2038,19,357,19,0,0.48%,-300,57393,180,480,77.22%,1,269,13,12,0.36%,2244,52,149,97,0,12.08%,269.21,281.35,0.33,32020,6503,25517,217.12,18,0.14,0.14,29.47%,30.20%
2024/9/26,295,295.5,287.5,289,290,281.05,266.3,189.61,182.33,304.15,266.3,228.45,569,2259,2027,3,360,3,0,0.48%,82,57472,166,84,77.33%,3,273,5,2,0.37%,2254,10,102,92,0,12.13%,269.97,281.35,0.17,31924,6292,25632,217.72,21,0.19,0.19,28.42%,29.31%
2024/9/27,292,292.5,285.5,287,290.4,284.3,268.78,190.27,182.93,305.21,268.78,232.34,396,1078,2014,0,360,0,0,0.48%,62,57508,128,66,77.38%,4,277,11,7,0.37%,2227,-27,48,75,0,11.99%,269.97,281.35,0.21,31526,6242,25284,217.72,21,0.39,0.39,27.11%,28.21%
2024/9/30,284.5,295,280.5,288,290.6,287.1,270.45,190.92,183.55,307.19,270.45,233.71,773,961,1970,0,360,0,0,0.48%,277,57789,366,89,77.75%,7,284,22,15,0.38%,2139,-88,92,180,0,11.51%,269.97,281.35,-0.071,31315,6584,24731,217.72,21,0.44,0.44,27.17%,27.69%
2024/10/1,294,302,286,298.5,291.2,289.55,272.03,191.63,184.2,310.69,272.03,233.36,1199,822,1851,0,360,0,0,0.48%,-107,57697,287,394,77.63%,26,310,36,10,0.42%,2163,24,188,164,0,11.64%,269.97,281.35,0.71,31556,6666,24890,217.72,22,0.54,0.54,28.43%,28.06%
2024/10/4,298.5,300,292,295.5,291.6,291.85,273.75,192.33,184.84,313.36,273.75,234.14,685,724,1684,0,360,0,0,0.48%,-17,57673,246,263,77.60%,-16,294,1,17,0.40%,2143,-20,78,98,0,11.53%,269.97,281.35,0.76,31397,6766,24631,217.72,3,0.083,0.083,28.94%,28.50%
2024/10/7,296,304.5,290.5,302.5,294.3,292.15,276.48,193.07,185.51,316.12,276.48,236.83,781,767,1513,0,360,0,0,0.48%,32,57709,209,177,77.65%,24,318,29,5,0.43%,2127,-16,89,105,0,11.45%,269.97,281.35,1.14,31762,6487,25275,217.72,0,0,0,28.68%,28.59%
2024/10/8,300,300,275,281,293.1,291.75,278.08,193.71,186.04,315.69,278.08,240.46,1909,1069,1074,-32,328,0,32,0.44%,-308,57454,388,696,77.30%,-75,243,23,98,0.33%,2168,41,273,232,0,11.67%,269.97,283.93,0.74,31884,6476,25408,217.73,-32,-0.6,-0.6,27.05%,27.82%
2024/10/9,285,285.5,278,283,292.1,291.35,280.1,194.36,186.6,314.01,280.1,246.19,596,1034,998,0,328,0,0,0.44%,-27,57439,221,248,77.28%,7,251,16,9,0.34%,2159,-9,61,70,0,11.62%,269.97,283.93,0.4,31862,6340,25522,217.73,-32,-0.62,-0.62,24.21%,26.02%
2024/10/11,300,309,288.5,291.5,290.7,290.95,281.78,195.05,187.2,314.44,281.78,249.11,2075,1209,1016,0,328,0,0,0.44%,91,57547,767,676,77.43%,6,256,18,12,0.34%,2173,14,311,297,0,11.70%,269.97,283.93,0.39,31732,6170,25562,217.73,-32,-0.53,-0.53,23.19%,24.60%
2024/10/14,296.5,296.5,283,292.5,290.1,290.85,284.15,195.74,187.82,312.38,284.15,255.92,683,1209,967,0,328,0,0,0.44%,-22,57507,214,236,77.37%,-3,253,8,11,0.34%,2111,-62,62,124,0,11.36%,269.97,283.93,1.11,31574,6042,25532,217.73,-32,-0.53,-0.53,19.87%,22.24%
2024/10/15,296,306.5,282,282,286,290.15,285.6,196.4,188.42,310,285.6,261.2,1748,1402,1085,0,328,0,0,0.44%,-80,57469,538,618,77.32%,29,282,56,27,0.38%,2126,15,218,203,0,11.44%,269.97,283.93,0.42,31465,5869,25596,217.73,-32,-0.46,-0.46,17.09%,19.66%
2024/10/16,282,289,279.5,282,286.2,289.65,286.98,197.06,189.01,306.9,286.98,267.05,795,1179,1124,3,331,3,0,0.45%,49,57567,328,279,77.46%,1,283,7,6,0.38%,2163,37,70,33,0,11.64%,270.44,283.93,-0.37,28686,6046,22640,218.32,3,0.051,0.051,13.89%,16.77%
2024/10/17,284,291,280,280,285.6,288.85,287.98,197.71,189.6,304.01,287.98,271.94,955,1251,1143,2,333,2,0,0.45%,-223,57344,236,459,77.16%,10,293,20,10,0.39%,2159,-4,104,108,0,11.62%,290.74,283.93,0.2,29078,5937,23141,218.72,5,0.08,0.08,11.14%,13.96%
2024/10/18,281.5,281.5,271,273.5,282,286.35,287.95,198.34,190.16,304.08,287.95,271.82,1062,1049,1129,0,333,0,0,0.45%,13,57378,344,331,77.20%,3,296,14,12,0.40%,2031,-128,119,246,1,10.93%,290.74,283.93,-0.29,29339,5782,23557,218.72,5,0.095,0.095,11.20%,12.58%
2024/10/21,274.5,277,269,271,277.7,283.9,287.88,198.97,190.7,304.3,287.88,271.45,895,1091,1150,52,225,52,0,0.30%,11,57387,283,272,77.21%,7,303,18,10,0.41%,2037,6,77,71,0,10.96%,278.51,285.58,0.3,28568,5744,22824,231.04,57,1.04,1.04,11.41%,11.99%
2024/10/22,275,287.5,272,286.5,278.6,282.3,287.23,199.67,191.3,302.76,287.23,271.69,1220,985,1194,132,357,132,0,0.48%,24,57447,475,451,77.29%,19,323,44,25,0.43%,2043,6,181,175,0,11.00%,280.21,285.58,0.73,28732,5765,22967,249.62,189,3.84,3.84,10.82%,11.41%
2024/10/23,287,294.5,285,288,279.8,283,287.38,200.39,191.9,302.88,287.38,271.87,1585,1143,1161,131,488,131,0,0.66%,-503,56958,319,822,76.64%,5,327,35,30,0.44%,2120,77,189,112,0,11.41%,283.66,285.58,-0.18,28289,5754,22535,260.25,317,5.54,5.54,10.79%,11.10%
2024/10/24,292,292,272,273,278.4,282,286.68,201.02,192.42,303.4,286.68,269.95,1197,1192,1222,-34,454,51,85,0.61%,-387,56591,221,608,76.14%,-56,271,13,69,0.36%,2229,109,224,115,0,12.00%,283,280.49,-0.22,27953,5893,22060,262.29,281,4.72,4.72,11.67%,11.38%
2024/10/25,270,276,270,271,277.9,279.95,285.45,201.66,192.94,302.98,285.45,267.92,528,1085,1067,51,505,51,0,0.68%,-156,56436,131,287,75.93%,6,277,14,8,0.37%,2250,21,45,24,0,12.11%,281.75,280.41,-0.5,28197,5794,22403,263.27,332,6.12,6.12,12.28%,11.83%
2024/10/28,270,271.5,261.5,263,276.3,277,283.93,202.24,193.44,303.57,283.93,264.28,534,1013,1052,-40,465,3,43,0.63%,77,56565,206,129,76.11%,-4,273,11,15,0.37%,2215,-35,55,90,0,11.92%,281.15,276.52,-0.43,28137,5837,22300,263.29,240,4.74,4.74,13.84%,12.84%
2024/10/29,263.5,263.5,255.5,259,270.8,274.7,282.43,202.8,193.91,304.7,282.43,260.15,491,867,926,1,466,1,0,0.63%,-43,56524,205,248,76.05%,-2,271,4,6,0.36%,2215,0,46,46,0,11.92%,281.04,276.52,0.76,28785,6130,22655,263.28,109,2.51,2.51,15.77%,14.30%
2024/10/30,266.5,266.5,258,258,264.8,272.3,280.98,203.36,194.38,305.53,280.98,256.42,345,619,881,-60,406,0,60,0.55%,3,56534,162,159,76.07%,-32,239,2,34,0.32%,2249,34,41,7,0,12.11%,281.04,272.2,0.85,28952,6133,22819,263.28,-82,-2.65,-2.65,17.48%,15.89%
2024/11/1,254,268.5,253.5,266.5,263.5,270.95,279.9,203.97,194.89,305,279.9,254.8,339,447,820,0,406,0,0,0.55%,31,56569,160,129,76.11%,-16,223,2,18,0.30%,2263,14,54,40,0,12.18%,281.04,272.2,1.08,29781,6099,23682,263.28,-48,-2.15,-2.15,17.94%,16.91%
2024/11/4,268.5,277.5,266.5,272.5,263.8,270.85,278.6,204.63,195.4,302.37,278.6,254.83,815,505,795,0,406,0,0,0.55%,119,56688,515,396,76.27%,4,227,6,3,0.31%,2208,-55,52,107,0,11.88%,281.04,272.2,0.66,30423,5940,24483,263.28,-99,-3.92,-3.92,17.07%,16.99%
2024/11/5,268,273,263,264.5,264.1,270.2,277.05,205.25,195.88,300.25,277.05,253.85,390,476,744,0,406,0,0,0.55%,-143,56523,73,216,76.05%,-8,219,8,16,0.29%,2228,20,60,39,1,11.99%,281.04,272.2,1.06,31330,6178,25152,263.28,-59,-2.48,-2.48,16.75%,16.87%
2024/11/6,263,266.5,258,262,264.7,267.75,275.03,205.87,196.34,295.94,275.03,254.11,440,466,666,-11,395,0,11,0.53%,9,56534,163,154,76.07%,0,219,7,7,0.29%,2227,-1,43,44,0,11.99%,281.04,271.74,0.59,31831,6296,25535,263.28,-71,-3.05,-3.05,15.21%,16.04%
2024/11/7,262,263.5,253,256,264.3,264.55,273.78,206.46,196.82,296.06,273.78,251.49,757,548,584,-6,389,0,6,0.52%,-140,56427,130,270,75.92%,-32,187,13,45,0.25%,2227,0,95,95,0,11.99%,281.04,269.13,0.27,31814,6114,25700,263.27,-17,-0.62,-0.62,16.28%,16.16%
2024/11/8,256,258.5,251,254.5,261.9,262.7,272.35,207.04,197.28,295.71,272.35,248.99,443,569,508,-50,339,0,50,0.46%,-47,56381,143,190,75.86%,9,196,14,5,0.26%,2242,15,52,36,1,12.07%,281.04,266.46,0.53,31398,6018,25380,263.27,-67,-2.36,-2.36,17.15%,16.66%
2024/11/11,239,249.5,229.5,232,253.8,258.8,269.38,207.51,197.66,296.99,269.38,241.76,2150,836,670,40,379,40,0,0.51%,-291,56092,425,716,75.47%,-6,190,30,36,0.26%,2223,-19,269,284,4,11.97%,277.16,266.46,0.32,31617,6039,25578,260.38,-27,-0.65,-0.65,20.50%,18.58%
2024/11/12,230.5,232,221.5,223,245.5,254.8,265.9,207.89,198,298.11,265.9,233.69,1132,984,730,0,379,0,0,0.51%,-203,55896,419,622,75.21%,-3,187,14,17,0.25%,2221,-2,96,98,0,11.95%,277.16,266.46,1.16,31348,6091,25257,260.38,-27,-0.55,-0.55,24.23%,21.40%
2024/11/13,222.5,231.5,222.5,228,238.7,251.7,263.2,208.3,198.35,298.47,263.2,227.93,585,1013,740,1,380,1,0,0.51%,-87,55810,209,296,75.09%,8,196,18,10,0.26%,2174,-47,28,75,0,11.70%,277.06,266.46,1.26,31551,5956,25595,260.3,-15,-0.3,-0.3,26.80%,24.10%
2024/11/14,227,229.5,220,220,231.5,247.9,260.1,208.67,198.65,298.93,260.1,221.27,459,954,751,0,380,0,0,0.51%,-120,55702,117,237,74.95%,-1,194,9,10,0.26%,2153,-21,43,63,1,11.59%,277.02,266.46,1.11,32111,5967,26144,260.3,-9,-0.19,-0.19,29.86%,26.98%
2024/11/15,221,227.5,219,223,225.2,243.55,257.25,209.06,198.97,298.13,257.25,216.37,327,931,750,0,380,0,0,0.51%,-30,55692,107,137,74.93%,-2,192,5,7,0.26%,2149,-4,38,42,0,11.57%,276.99,266.46,-1.83,31926,5930,25996,260.3,41,0.88,0.88,31.78%,29.38%
2024/11/18,224,224,213,215.5,221.9,237.85,254.35,209.42,199.27,298.32,254.35,210.38,530,607,721,33,413,33,0,0.56%,15,55712,149,134,74.96%,-46,146,4,50,0.20%,2123,-26,97,108,15,11.43%,272.97,266.46,0.48,32550,6103,26447,256.8,34,1.12,1.12,34.58%,31.98%
2024/11/19,215.5,225.5,214.5,223.5,222,233.75,251.98,209.83,199.58,297.21,251.98,206.74,564,493,739,1,414,1,0,0.56%,-114,55608,197,311,74.82%,90,236,91,1,0.32%,2078,-45,26,69,2,11.18%,272.95,266.46,0.94,32961,5941,27020,256.72,35,1.42,1.42,35.90%,33.94%
2024/11/20,224,225.5,221,224,221.2,229.95,248.85,210.21,199.86,292.73,248.85,204.98,293,435,724,0,414,0,0,0.56%,-78,55530,110,188,74.71%,14,250,16,2,0.34%,2071,-7,23,30,0,11.15%,269.44,266.46,0.89,32730,6026,26704,256.72,34,1.56,1.56,35.26%,34.60%
2024/11/21,224,228,222,225.5,222.3,226.9,245.73,210.6,200.14,286.82,245.73,204.63,300,403,678,0,414,0,0,0.56%,-105,55435,90,195,74.59%,8,258,11,3,0.35%,2074,3,26,23,0,11.16%,255.12,266.46,1.94,32949,6105,26844,256.72,34,1.69,1.69,33.44%,34.02%
2024/11/22,227.5,232,226,228,223.3,224.25,243.48,210.96,200.44,283.25,243.48,203.7,515,440,686,0,414,0,0,0.56%,-95,55340,161,256,74.46%,24,282,30,6,0.38%,2039,-35,41,76,0,10.97%,245.94,260.44,1.23,32900,5979,26921,256.72,34,1.54,1.54,32.67%,33.35%
2024/11/25,231.5,237,231.5,232.5,226.7,224.3,241.55,211.35,200.79,279.5,241.55,203.6,586,452,529,0,414,0,0,0.56%,-97,55234,181,278,74.32%,1,283,12,11,0.38%,2088,49,94,45,0,11.24%,229,260.44,1.03,32661,5979,26682,256.72,1,0.044,0.044,31.42%,32.38%
2024/11/26,232.5,232.5,227,229,227.8,224.9,239.85,211.72,201.1,276.84,239.85,202.86,233,385,439,0,414,0,0,0.56%,-57,55177,73,130,74.24%,-10,273,5,15,0.37%,2094,6,29,20,3,11.27%,227.54,258.59,0.92,31976,6159,25817,256.72,0,0,0,30.84%,31.61%
2024/11/27,229,230,224,224,227.8,224.5,238.1,212.07,201.39,274.6,238.1,201.6,296,386,410,0,414,0,0,0.56%,-1,55176,78,79,74.24%,-1,272,1,2,0.37%,2065,-29,41,70,0,11.11%,227.12,258.59,0.61,32025,6289,25736,256.72,0,0,0,30.66%,31.14%
